Title,Image1,Image2,Image3,Image4,Image5
قصر الديسه للأفراح,,,,,
قصر الوفاء,https://lh3.googleusercontent.com/gps-cs-s/AC9h4nqbiEM-cjrOeFZqctVMyUKExEqajEpHYtS3bJ7t2hgmcFQZRJ_hOB-jcthOwY5OPloo6Gw8n4ncgXWK9lyveIZV77l2wPH0VVrzXPGnO_kjABpITBI-hxxR-ek86vst2WZMIoZX=w1920-h1080-k-no,https://lh3.googleusercontent.com/gps-cs-s/AC9h4nraIN9HJWhQesQVT3-QhMlQVpy03fNpaVrP3_jh86VQECJK503Fr80xyPo_cnFM22GoEUUGEvIrKwZIoB2mbtSOvHaDia5BwqYBTWFN16q2cQOWwhb-ukoI6TddF8S28K_hn_NP=w1920-h1080-k-no,https://lh3.googleusercontent.com/gps-cs-s/AC9h4no_zZW4KqRESDXS_qbnIYQTSdhcg1sd7y16Z-UQkTncCEkEVwkiX4y6BBXgNG5_dCicIxJCvE_Z8l5JDcbQHgWCfT8fI1t1jwieIFzii0fzlKncUf3SwGpQxjOJovO0QufDViAp=w1920-h1080-k-no,https://lh3.googleusercontent.com/gps-cs-s/AC9h4noJQw8xgVTkObpRo09a4Z4bDs1MYDwj0RbpbzcOWllrzmwibgVzX02-fTaZouHBq3MH3N5rZTbfFYxPZzYk5KgNLSjHXUne0TYxbWmgxvow5zGUodNeRBIvssj1wPUxwK5_tLsZ=w1920-h1080-k-no,https://lh3.googleusercontent.com/gps-cs-s/AC9h4npGI-VvrndX5A0QNqE5X1WeTOSbPUcg5zi6lcasS1u801nA-sZICVu76QCTkaaOJNOSovm_wPjRQjfrZwXkHsQjIiDmbjtF7eDcVABeusCprZuydu2gFbaTEkcpC2ZSlUESMUY=w1920-h1080-k-no
قصر وقاعة النجوم للأفراح والمناسبات,https://lh3.googleusercontent.com/gps-cs-s/AC9h4nrwbDxIFlwltBN0uiWdfquANKEhQRmitdWuaB6oTgBwg4V94khBIrcrpH6hvPNAmP5w2MrVlXX-fxnvvmdlxZBFDBlap6_8HXrEVXxHJ4EekjvU0a6-zAw8wNnPn86lHm0TFBdIdA=w1920-h1080-k-no,https://lh3.googleusercontent.com/gps-cs-s/AC9h4npsduBwtGO1E_RdsekfZy3bSx03QLRREgleVBohJZQpDgl89SL75fMC0bds2mU-8XYqqHY1kDW4RupPKHYnUZH7tJba7_c0t4uUNMOl0cTxVLMbXS0nqWh0YMu5ujMiG_bZyoPU=w1920-h1080-k-no,https://lh3.googleusercontent.com/gps-cs-s/AC9h4np--KgidG1TeD-Xyre0yFqczgUBnL1uBYntLotZcKVMyBlfW-RTnOSbib4YidXSEzEafY-R1r4-3CvxVPMLvCo4wL0TNJToniF6RbRp7TN4zXQoOn3JEgOYbqXhp1CyjvkuR1ns=w1920-h1080-k-no,https://lh3.googleusercontent.com/gps-cs-s/AC9h4npLqhCaGeZf3Dzf53WxvFIc8ZgHvm1ti8Dppaph6TeKnnlZ7YZ_VX303oIP0Nx-5PpYPdkz97YRS00_5yOI7JUsshs4JrTpXDEVHuvq2cNpNMe5axLLUAmNA6dzlsvJLS80H_Ow=w1920-h1080-k-no,https://lh3.googleusercontent.com/gps-cs-s/AC9h4nouiLHc4ounlz_yF8DFWW3vI7hdtRHdPIJf6qe4v6cIQZX4mAXFaa3wQF51ZHO2HP5SGXooODyVvgnGZXNW6iHXIvMDtfo0bYvdg4__KbHgSEblLkva6m7rvzdOur5pi6le25_K=w1920-h1080-k-no
قصر الروشن تبوك الريان,https://lh3.googleusercontent.com/gps-cs-s/AC9h4noDuYoP-yhZORKklrc28bc359NVniUV2fEp44mrTMX5XmIPit74VhaFgoHvAj-fThQ-YmppJMFfMVNdQzkYL_5GgpJdwZmhgSKuhI8Y4kY-bFs71_DS2so49e_etrm8NnXbhZr8=w1920-h1080-k-no,https://lh3.googleusercontent.com/gps-cs-s/AC9h4npAQfyi57bwj8ArZGsl8dGOt4uYt_EiIL3i9_8cwCF5OzC0UkLs1bnUo5eb5P-kVJUgOwapJvfVJYFIHlBNi9tuskp5OOT_DtDsFd2wy3HXMLGvRwAGNTK_COLnoqX7oePgTyN_=w1920-h1080-k-no,https://lh3.googleusercontent.com/gps-cs-s/AC9h4nq-imLICmvh-nrqs0Sw3YP_ijnq3tf9vBw5_hlMzY492X72QJ3ka5P40wWHX_-ab-T1lck4YRpQUME2o0C-DEDb3ZyY1bQQdIEyYHBYtHUEPA9VwISQfLpzHh8jCYpxQvWk8I54=w1920-h1080-k-no,https://lh3.googleusercontent.com/gps-cs-s/AC9h4np0liZ_78HpZM0GZR5yCRiYBrxjrQSMO1vvZ2236nHu6OAZdGvgLdyLOBFUtPpQ03zQQt1ZxDem9vWfgSplcFEJfebk9VaCqfsVrLNuPSFlinij6xxAbsLZQDqto722SF5dp9M=w1920-h1080-k-no,https://lh3.googleusercontent.com/gps-cs-s/AC9h4noxJEiEKpyLSIZJ1KhDkvwCCieFta4y8gtM6w6AWYV2tStN9g7LCd_dUv9SnRuYOYDRY_GijBlTyN99VsMok5Ln-_8Uf7AwBF00X06dP9QvD561IWsEj6hIynMbGDJZT8pN6JkO=w1920-h1080-k-no
قصر التاج,https://lh3.googleusercontent.com/gps-cs-s/AC9h4nqnMuLvUBS-q0vgWa2PDng9wxq0kTXXwNsdJzHbSEp4ukbolNl7-3s3onp9HA6s3tLAHKopH8gbUjGH0pUAUGRtNB8KsPBGyLsvEh2rNaDqrIOntUHlFpGJSIJegtYFckJOjzq5=w1920-h1080-k-no,https://lh3.googleusercontent.com/gps-cs-s/AC9h4npSg4TyLUMCM6X12nR2ZKqIkUjH_BHMZLVAk3FTTIu5wegsFrwDTqOTH2oaAb_oqe4VbKei4ZsgGwS50_jeldJNvCgZxmRvq6LIUvhQnbUyOiVltEHTO1Jj3tciOmRdFq4SEOtv=w1920-h1080-k-no,https://lh3.googleusercontent.com/gps-cs-s/AC9h4npU44DXHyh6V_W-_scfUy9KogNm-JUoMrj-QRk4m_Sc7BVF5_HDDQeVzsx3I-Q-f8c45v2NO7fGmtb5HrkAljPAk8RXu9J_IzFmR7RPD1NhaJyEd1SlERBNmv1BGDG8K7EsQJr4=w1920-h1080-k-no,https://lh3.googleusercontent.com/gps-cs-s/AC9h4noS3g3NVm-7Kqi-qp1TFGBmsKyGxWf9GZU2oX_THaUhDMhp6LtkYv297QVjLFBn2gZ7adMXZahx_Jw2fO9dACmPNPhLcRSKoi4k5_QUKHVLCabBixf4gK-XyFyC6GEitQy5Qyt0=w1920-h1080-k-no,https://lh3.googleusercontent.com/gps-cs-s/AC9h4nqnMuLvUBS-q0vgWa2PDng9wxq0kTXXwNsdJzHbSEp4ukbolNl7-3s3onp9HA6s3tLAHKopH8gbUjGH0pUAUGRtNB8KsPBGyLsvEh2rNaDqrIOntUHlFpGJSIJegtYFckJOjzq5=w1920-h1080-k-no
قاعة السلام للإحتفالات تبوك,https://lh3.googleusercontent.com/p/AF1QipOWcmA-G7HmItLQsn4a1CtkkKuidVLNQwEzT18e=w1920-h1080-k-no,https://lh3.googleusercontent.com/gps-cs-s/AC9h4nq6h9i38IGZ2zq29oW2NupOsqllNnTs_CYp4YXo6ZCbcnJluQjfJQAjzolOo2pAZ4DZjrW5WjAC-619lrgcC6TONdTb1f-zhU0Y3xRXxMTwuvLp1CXbhudBYIDTwlzz65dXIBAz=w1920-h1080-k-no,https://lh3.googleusercontent.com/p/AF1QipM2NQ8QMiJb-wLWwWgdWwD7ERBOcy3Xf13NvGVL=w1920-h1080-k-no,https://lh3.googleusercontent.com/p/AF1QipPy8OgA2UvkSB_lRsobwcQl_yf_5QvoKCDDg9ha=w1920-h1080-k-no,https://lh3.googleusercontent.com/p/AF1QipMtOF3FESr5fxHnM5xUZNjt08r3VVqrDiYR5hlL=w1920-h1080-k-no
قصر النسيم الافراح والمناسبات,,,,,
قاعة لمارا للإحتفالات و المؤتمرات,https://lh3.googleusercontent.com/p/AF1QipO4AmRzQoW708AP0BvtP7tVQRiNaVYAQqTypEPl=w1920-h1080-k-no,https://lh3.googleusercontent.com/p/AF1QipMuRJQ6Ndzu6hI1-u5XFgNPwcf7re8HecPKoTBO=w1920-h1080-k-no,https://lh3.googleusercontent.com/p/AF1QipOvlIvdm7DTIE3vKv2gzVTue5q6R7fsF6q3I4eq=w1920-h1080-k-no,https://lh3.googleusercontent.com/p/AF1QipPITG7JBbeVkdXjqqnXcOBRdSetR1CqxTgFp5MI=w1920-h1080-k-no,https://lh3.googleusercontent.com/p/AF1QipPkkMQzZhem4pV-ylSb0v92qlYMrPH9SQYlboLB=w1920-h1080-k-no
قاعة ليالينا للاحتفالات,https://lh3.googleusercontent.com/gps-cs-s/AC9h4no5z11BJFCJsOlCWfQ-fU10fjtt2v3rr8zDMII_QXvMB1AkN5R2SbYiL2om4-nnXc6pQ5AopsJsfKiTXvwMg8m_fzP91wa_g_z8GhGUB-DdYXzy-k6mIxNpxh1eyRrqF2enRAXc=w1920-h1080-k-no,https://lh3.googleusercontent.com/gps-cs-s/AC9h4nr0U-GtJrrKalAEgcmTQGYujuPNTiHaGwbgVWKmDvyGL-m_TE_xLfP8_7wTJFN3StBQlsTTD56zSa5_O03bJMV_rPZCYX6gl0pvBqtf0e-tQCSy7S1AslaANn_CrX_AInVM0_18=w1920-h1080-k-no,https://lh3.googleusercontent.com/gps-cs-s/AC9h4npHOMKS43L7gnQ02-8ZHebqvfqcDC3VUJzUg-F6tzS-X3bzgbfwELg3o8qW9AOWmtzyYwJ4DmAFCyxu8bSXAoemolDZYJ6FyANSlguBwQgO4ikgC4RgKJ691sDvgGFI5LoxW5E=w1920-h1080-k-no,https://lh3.googleusercontent.com/gps-cs-s/AC9h4nrYLKxOAz93Oefjm0NZKaTrs5s1jMGBXn8OcLaTQ1R_3_Mayu6PuQom2_rMmuz8PGT6Aw67ovsFFCI8TF3Vi1r1QNBQ095HkW2wrlN_8EnZMCy_M3eU8VgnAukB_9H51m_OPysc=w1920-h1080-k-no,
قصر قمة الشمال للأحتفلات,https://lh3.googleusercontent.com/gps-cs-s/AC9h4npWXy0z5bCG1iNu1UZ7UkHzGaJwMUHtszEsK5hWLdySMbjbOuxlqO3P0BABX48air5wkD0yQsJDjmTcrOBU9FppFvCOUJo7mhWCV4NiKzXifOwh5B41NHR1FnAtimQhGqg0WPsS=w1920-h1080-k-no,https://lh3.googleusercontent.com/gps-cs-s/AC9h4nodYXEAE_5jkEvIf4zHf119wsZrSxLoh0B7VFI5u5qHDZv7mXZ2TDhoEdyTnbZjY_v3a0W9VHROl0zpvXRAoeIN2Ju81KEx2JTA6pgqm27Wd7lB2Sn1CaOlg_nvcpr5R9kFbL4Q=w1920-h1080-k-no,https://lh3.googleusercontent.com/gps-cs-s/AC9h4npdZSjsBSy8f488v4cYAKEL4EQ_mje5QpBQ3KaP1y0HFfz0AB543P3jSan2VWaog83Sk6MuIH59nB7JqMhl-JWmlVHlIZTj7TR8f_spxxgNymlLUuAhraxQ4jHvD2ENGgo84sc=w1920-h1080-k-no,https://lh3.googleusercontent.com/gps-cs-s/AC9h4nqF4tv-l71OBnT1djeVWH0PV8-EkS37f8DVM6jSkbdAIm9X7JmU45RujKfqEtT3o4k5ZNmQLrw49ynC6BwGcHnCUhTeT1_CBilFPgSVKy4xPp6eu83nB0IbJoyF5zpFv-bH9ALP=w1920-h1080-k-no,
قاعة الفخامه,https://lh3.googleusercontent.com/gps-cs-s/AC9h4noDyEAG_84mc6uQYFA2dpot47Sd9PqcfEHvwvGXSWBk_GoqfM_pZ4bUEyMhEjT-b4inZR_Wn_as-_SyPun94hLZdCUDj3-zDxYRYlI79LyFmeJ1pkM-gv4oJMU2HxK0yi8LGI4=w1920-h1080-k-no,https://lh3.googleusercontent.com/p/AF1QipNrekt3OVwKoFWMi8JcIeG63Ud_RKzI1X6tltBA=w1920-h1080-k-no,https://lh3.googleusercontent.com/gps-cs-s/AC9h4nr-nrwy3WkKOMNSFEDjbI1RRBCJL9riHl4GRgb2Mt2haPL08JL4O1uWoroAWilXr5DzMvnn9efDOBF4J1yqldvUzowH-1OzOAH2qWCmmUTqt-j4TcIXaG9u77cOz75Ho6B4Muca=w1920-h1080-k-no,https://lh3.googleusercontent.com/gps-cs-s/AC9h4noqqsYbl_NoVdth7BJa6aqWNN5CIgZo060HM6z_6uNqNaQHQNzapq_sLXt7OkQT3mIVh6RE4EE0Vc1PYF5DsWtCziWOwb0mNNWOODGuvf4KtZOkK15p8NssLiZa7fPnfd92UAo=w1920-h1080-k-no,https://lh3.googleusercontent.com/gps-cs-s/AC9h4noOBv7CO7ZReKJIEZG9uV6b9B4ZH5GO2SXObvcRYK_kppCz5cDfIfIE-KJRQ-le-qpaf29gB2NlEOK27AcAZgb_hKn587zsJxjSjiohiO0APTZPARkyG9gII-jByg_W7GBrwUc_=w1920-h1080-k-no
قاعة ليلة العمر للاحتفالات بتبوك,https://lh3.googleusercontent.com/gps-cs-s/AC9h4nreALc-rZ8yQ9UMA3fbYPeo8q4rxzTAwQGTCii1PHVpcXBI1o14Z4tTzfoIanYyzeHUEi9fOXR8bpM84-ZqkyDHItGAqnzYFatKB_313iCVt8QGiloWoB3qqN-a7SGq0YDOaz97rQ=w1920-h1080-k-no,https://lh3.googleusercontent.com/gps-cs-s/AC9h4noC-PpnuGDa_utLs0G0bfC78lZbav1j36LDSm_Oy-JKTM4tR6nM6KTHngj2Z3jOZFT6YXcCRY_ldE2pY4OQGch9SUCi5JHmpzhFfG4ATHWBE-3kSBFLfmGOlZARs96pu4v9FEQHzg=w1920-h1080-k-no,https://lh3.googleusercontent.com/gps-cs-s/AC9h4nqibeN28Vc_TDFz7TXEGPbIjPz8ic3xogS0jBz8YGh-loy9RTg2pDfL_1ya1zXpMvzYsFrWLvkjw-GUjImEWKEVpRePkFqZrnFCxzfxndmFN7HQkKPCjlDpc0RYRdejWyJNIEHoQA=w1920-h1080-k-no,https://lh3.googleusercontent.com/gps-cs-s/AC9h4nrbKVxwq4wKZDAQ1-VbiwYwWm41kYL_JIT4RXRnQKKxdJcrwFzlgbTiBV4odEHkN6WNQFT-fDhD88brBSQhaaPDFVf9MKwRDi8O9Mf-oGyVSs1kOy3rW3F5vQc3IRpsI1VLElGocQ=w1920-h1080-k-no,https://lh3.googleusercontent.com/gps-cs-s/AC9h4np9uhKF66Qgi8km8efiU9IC2KreveqMy5qBvpPgUOpSLhwNVvqsUaQS1FJAzY8CRDDpH6qmS5V3vzdxLFdoAprx9IIYoQwPKM2msj3bPW6kPZf6PmhvrTk-0qlrQneKGU_Y0zaBZw=w1920-h1080-k-no
قاعة واستراحة هلا للافراح والمناسبات,https://lh3.googleusercontent.com/p/AF1QipMG-mvkDNV0WgeJ4EmbkM8sBj6CacoGzu6LGVwF=w1920-h1080-k-no,https://lh3.googleusercontent.com/gps-cs-s/AC9h4nqVBsl4dEp5T1p6QF6Gmwhu0pHHmVTbcC2hC3MxvWSpLlXHREbuDN8-mJdsuDJJKTgdVna1ORmv3SH0MaEWfJkbG5q6OhoJCJ4dFDkA8kfAXGgzwWSI1OM3h0dgPaT5DX8kblS7mA=w1920-h1080-k-no,https://lh3.googleusercontent.com/p/AF1QipPs82XUG5cuErvY_NB_PDPz8Rzgn4NIdCwDXFsX=w1920-h1080-k-no,https://lh3.googleusercontent.com/p/AF1QipO3dn0UZA0TmJhg4D7wbwKDGc38g0GmJSzQ_NC0=w1920-h1080-k-no,https://lh3.googleusercontent.com/p/AF1QipPXMT2PM8_KHGtqfz3fZ_wuDi46FQOlY6yM-kJv=w1920-h1080-k-no
قاعة المملكة للأحتفالات,https://lh3.googleusercontent.com/gps-cs-s/AC9h4npohHht26IcT6B_TSyYIBVSdSikcWku0t0RPCAjMXUXRhfDrTUFNX4caqM6A93XiRKgmfOO1XkyJcRavl51Flg7-alz1an3XfXppz0gOZPRlyvhWlm057IPULQP-NtOlnYuQGOY=w1920-h1080-k-no,https://lh3.googleusercontent.com/gps-cs-s/AC9h4noVIkiwAQ90uYCnRoaY--BBVKqOumF5UdlHQqxBHas398UhrNf82j1QXVlTlHn7b0FMYGljab6CRFaAIwoZ9OD-ojeFGEgj3Fdg8UGKvGnmkZMV6o0rUr92DJcM0RsnLnEkB4UZ=w1920-h1080-k-no,https://lh3.googleusercontent.com/gps-cs-s/AC9h4nrq8tjFOK3MfDsLWFg1lqRiMSmFIsS5Gk5gGcU47BNgRP_r8SraXL5g4ytMeaI1BseF9U93xQGIi8F3jpng0KsBe6e9uJYv5oT9nC6wCge8auiIs8gKi0tSAbenkDaB-FMha5Qd=w1920-h1080-k-no,https://lh3.googleusercontent.com/gps-cs-s/AC9h4nqQFUW500oXZ39tPtet4FEg_Ur6cZ1AJ7Cg95z6NnKMTeTSmvsyRQwxYN2TNd3LzpLNVOQMa5sKqXYWqkulQlQCdhJWsD4BX924VwGDWY1hQhq1UkTL993yGkDO6dPifuspXiay=w1920-h1080-k-no,https://lh3.googleusercontent.com/gps-cs-s/AC9h4norY25rVxrAVg4f1s225Iw_NQH-YYj7E8wREhZAt9FS4bKf1polu6x6tHgAd1VgAvLOCI_yZ64zcgSKJlhl8CX6YQCPTmtYV1-xGxFj-QEW4lsOClZ0a2qz5l9o5tcADWT7yfZi=w1920-h1080-k-no
قاعة حقل الكبرى,https://lh3.googleusercontent.com/gps-cs-s/AC9h4nrWpeIM5zzqxMzPPJ17VdgO-hH3zfoOndE6Y6RmnF-GgreshOnfyU-KwHL6cizMk8H2VsFmnHHzP52nO6j_c-Up8EUOIyf-0I9jTyaFQijUMDAP3Q5L3ZrkUTUD_0fcN_F-tQEh=w1920-h1080-k-no,https://lh3.googleusercontent.com/gps-cs-s/AC9h4noNszKwfaQAUdA7hW-XgBSgkLnhDQZicrVyTYljY_szgskp9ohRTlLGwuC1IaArsqZLNdF-TczFl5gj6NtRAgaHW-zW4snCRhaaZRMD_O6euoxkdplb7SAIaG-Ag5k30_id-2pY=w1920-h1080-k-no,https://lh3.googleusercontent.com/gps-cs-s/AC9h4nq2jtrF9J7Gw8E43KadEt3pnfkw6gVWFx23CI_FW0dNCP8eNRYyu8u1_XAbM9BjuRhBEgOxzaYihihBzRj_rm_cRXRWmZtdAKN9KHdICDSjP7niVdF0fYXR6b5zPA2Rz2hv6m2BaA=w1920-h1080-k-no,https://lh3.googleusercontent.com/gps-cs-s/AC9h4nrQYkot_rH1SCp-mawQkmenXGmgOItHcJsAOfraFQpZZXHPYHm8xvJboGz3CtUCVafLpqhYs5MEtGAe4BX-BOunMJFklIN-4Qdoqc1Z-UpokA8eKJsVmhVe4R5Czsoj52m6d-X2ag=w1920-h1080-k-no,https://lh3.googleusercontent.com/gps-cs-s/AC9h4npcOm71SJbzfdymYlf_hndrMZOgUtLBDzUTjTFc5AnTOQ1mvMKztu32mMawK3AQ976rHA79le8J0sdSdkB4096wFAKAkprJcj-ieOLSen2jMRvfXNHWOB-sXg38lKo1SfexBJLSoA=w1920-h1080-k-no
القاعة الملكية رويال,https://lh3.googleusercontent.com/p/AF1QipN6VkjRwRrD7vQ7kUR3HsKoMoHnBwePUuNU1QFT=w1920-h1080-k-no,https://lh3.googleusercontent.com/gps-cs-s/AC9h4nqs3YtMCwbgS8fz4PS5H3yWAqjkko83XvwGccuGP38igVRq5i1EPpc2bk1oxjmA_8vzLR33X-c8cGFZkL8zFkUhz4IT9FeR9Q0gJR3iqxzaq6mN_eWccJt0tjWlHtmT0HAbAcjj=w1920-h1080-k-no,https://lh3.googleusercontent.com/gps-cs-s/AC9h4nqNVhP7AEJUYZ7I_CG6cpHo9-c_n9nSfO-nsnF0BWf7iX-qezSdgXuAy6Zh3eTIcBaZiWvqOaSbMHAHduZBlRI0_OXjt0Gj6LtXk_Mjm07p2RXts7CXojjJbFsUJzm9fQ44DoxO=w1920-h1080-k-no,https://lh3.googleusercontent.com/p/AF1QipMy41h5-rTA5HGn7xvGkIkD_LA1Igmbz3XlLMIP=w1920-h1080-k-no,https://lh3.googleusercontent.com/gps-cs-s/AC9h4nom3HVPuooLuBGwYXjabX1mUYJZlhT0Ieaj9GTiNRLMomLNwZ59W0lYdX03ao61_b3WmrBwIHcjmhPdMLOBStQhhIb3zFJ3nbYACujwTZW3u9JPx-6oDM-OnnEEhBHVXkQIEKOh8Q=w1920-h1080-k-no
قاعة تذكار للافراح والمناسبات,https://lh3.googleusercontent.com/p/AF1QipPCglmxt77Ky1TCv-v7rJ3klo91M-dmn2M7uEPn=w1920-h1080-k-no,https://lh3.googleusercontent.com/gps-cs-s/AC9h4nqK-zhcIBGEWkWaSNpa9faBhG3ERc_u1tuhrlYIFVLY9iMUWrLLLDsrutH_BpVB_huqLecf7VWSYUMa4FsTwMIsH8eSPDW8xslhb4F7H4cs69sHS-DDS_AXTHmhEAenTKUnthA=w1920-h1080-k-no,https://lh3.googleusercontent.com/p/AF1QipN2oa6TLbXXnoBR8jUW13WSe_nuHPrs61_C_UYz=w1920-h1080-k-no,https://lh3.googleusercontent.com/p/AF1QipPqBCyG1niUx3zFVOkgmx7jijDTAmQkAYL1kV_C=w1920-h1080-k-no,https://lh3.googleusercontent.com/gps-cs-s/AC9h4nrGL9G2Q-LQcGlz3q0FxHqGM3vs9RNiFv0mHLBgupM8KSClxACpV5WlZtgkiNCrE9MxIFhFD7F4O0hIVK8k_Xl6Soo-gmD1u0C-SOWvHa7dxyYq6B4JQESfLPYXYLv1i-K5k5A=w1920-h1080-k-no
قاعة الزهور,https://lh3.googleusercontent.com/gps-cs-s/AC9h4nrSJyfG1w4B1J1lNIGfmDxXwd23db5RNMisB1tTfsX3cgv9xafUbUi2sAMZGMsbZ5-M-krJrujzjDKkrWdG44OC5nagx34JjZ62CXdNbsRKG-PO_uTvVQOVZBXs6jm-T2TaxfIFPQ=w1920-h1080-k-no,https://lh3.googleusercontent.com/gps-cs-s/AC9h4noca-OjRmiQFqM2qaqj8KySaAzrMG2iKZ3N-WyBO46cPfhSn3-gJegzTLhhv62-vPKlD-0Gj1qkykr5VVi9WjmaejRAjJOfJ6J0JSQt_2tBa2bTa84blr8wMkIc7E9eDvk8kpiYmw=w1920-h1080-k-no,https://lh3.googleusercontent.com/gps-cs-s/AC9h4nrCgYaLp4pSZQM-TunE8qlAwNBSQkuYiFyYgcmyD3nvTybnQlGyJlld1iutRML2dO_l9Wrra71sxXD-4U3zi9kf7dnIDs8azuPy8LfgT4jA3NHB8pVXjG4GkaHb9iPm24YvJRo=w1920-h1080-k-no,https://lh3.googleusercontent.com/gps-cs-s/AC9h4npDS9TXzL0eAIylWVXTg1MvfOTJ2owpwoqa2qgqYXDi-u8bYHwrNy42yXjVX2ygu2ztI0_V3lsi7Yu5P0rpxpC508x2D877_SQYJTW6wwJH-qPyhKdUwLplySgEvN-LnpwH4gXp=w1920-h1080-k-no,https://lh3.googleusercontent.com/gps-cs-s/AC9h4nqGcAnk1WW0Fr_qNlm6PdtKbDlvH1Hhq1_02YPk8oDDWeT1-a9PbpRtFg4GWw9LF3cXkl2fU2MkeRurOR9F77xCC5WEiZA7YC-5AwHGtReJR6QCSiO4DluywfT_zwUAwfSBZ2pyyQ=w1920-h1080-k-no
قاعة افراح ليلتي للاحتفالات,https://lh3.googleusercontent.com/gps-cs-s/AC9h4nqu8me9ZN4k5bh0fNob9nuECk3QzFsr3Oa80SOKv9sQ1Ii4Px1N-b0twQ_3DsNyCeZNiZSUUkgsq5m22CtDPRpKsDCye1IvwBEeth-n5wnA8q-Zs8IbMBsfU_sapmHqcZ9IVo75=w1920-h1080-k-no,https://lh3.googleusercontent.com/gps-cs-s/AC9h4npkCPjOxNjzIPPkFXRLzGAFBCYNlNrJsWiND7K7JyW9jFmmfWzHXNslutsfgLskrIqRcWHi1ashilStHPgKkWSAc2q3ErKq-i3AUyXrkzDHff9782myB5qf1cDkURO5PYR9DOnw=w1920-h1080-k-no,https://lh3.googleusercontent.com/gps-cs-s/AC9h4nrNswmyfvasaKi7gKGMya7UEWjRVv0FGEOkmYi8hNCHI9dO40KKccVl4Q-1oHGp9lSnsXI2InXmGbD0Io8XuMgwEvaLFXjxTizK-r4s9qxTeJc3a1Hf8WMC31UVK427oS72RAZf=w1920-h1080-k-no,https://lh3.googleusercontent.com/gps-cs-s/AC9h4np4FEO8vqmIrM6T_C0Pnxps51b8ee5fRf1b25RFsQBtQPVsguYQeBr-BMTZgMZrnD0CgN2EImeTofslgI4Tufc7KN74D_RCfjCVMtYcgs_6cmP7Jh2xfisC8rPpZLb0ZaYqnrOoqQ=w1920-h1080-k-no,https://lh3.googleusercontent.com/gps-cs-s/AC9h4nrBa0OE3siNpwkbYhEarvWx2UYsnIZ5OBcJzjaewMZRc-ur3iuFGVE6z5Lb47rr3wWvJON6QkfL6kyeceeNnIlkxfdokNKqEuT-WNDThAcoCcMlFqefZGYNKpgIKvrtUIqJbWvn=w1920-h1080-k-no
قاعة الأميرة فهدة الشريم,https://lh3.googleusercontent.com/gps-cs-s/AC9h4nqhT1KuIg5Ay_yCXALD5HIM41654LJXmHWVENMrBDU10hehLr0QpyTefRETmlTAYktYV3ayeGtMPin8oXWcqyLrOC8Rf5cRw9NLMOHpG72oVyvX4T1WEUzA5z96A-ADn30IgzFF=w1920-h1080-k-no,https://lh3.googleusercontent.com/gps-cs-s/AC9h4nqCw3N1pUg2f6Z1hgh3WQIQr_GUuk712C0M3nvg6IsPyNAoxT0x9zsC8bs5DP6vViONYmmBsq9BshlRNfHVxXolb57Or7BDzAeBkPIL54G-Jl_FDbaLJ70wkhoT7v608glbJtI=w1920-h1080-k-no,https://lh3.googleusercontent.com/gps-cs-s/AC9h4nog0qKPSJJp_7RYjiNcy_d9IE-A4dj8QQqOHZdBMn99LxKUR9F2LwWKJ_WgNMHvMV7pQnYzQLMlpcvex6CziXKvY-BjUitJzqU01xSbkCJXe-sGKvAZKpfJQS6oPgCdyrWiroIkaQ=w1920-h1080-k-no,https://lh3.googleusercontent.com/gps-cs-s/AC9h4nr73hRM_SMDpKWR6exCsl37zp_wbT2RiES9gC6SHDkq9hEdiRXgpQZC1Pv7uoOBAR1EBjuCTaGL0SeZAZWwkfuS9mDLh_mhSPUV2V-5sGz3Qpzxn5YK6wQLoUN_4qaU83DVTiLQ=w1920-h1080-k-no,https://lh3.googleusercontent.com/gps-cs-s/AC9h4noxKJkOEElZQwsE7XrsgvqBiskUEETgb4X4qmRIBJvH4OxpxklBVZk0vbz9Mj7fTUZwAZy1GdFVjxLxnvWIGxHEukN8DJta9haEwEk0Dj5K8GRwWxgMUng8JgZp2kk9W6q8edg=w1920-h1080-k-no
قصر المملكة للافراح والمناسبات,https://lh3.googleusercontent.com/gps-cs-s/AC9h4nqzPFs8AD5GSRRRdYFL1J1k4YQpADx96pd1cXYOWj23bAOoEfYmtmtwpVS6evJZQyIa4XUCpLHfPPvSzerW0nMgggf1KTJlojso5N03EEuai1O3uZm6_Gwk41IbuMzm49QCsKqQ_g=w1920-h1080-k-no,https://lh3.googleusercontent.com/gps-cs-s/AC9h4no7pjZTR-lvaaliUHBEYL5R0RLuunaC2NPzW4ki7MbAGjDUoGvvX9Tcgbt9R56JzmlcB_ZIf-Bl6m4vc3FrhFxVxpAOa04M17a-PPDwTwWbAH69v5QRTM5usDCtHNTzgMevvJAt=w1920-h1080-k-no,https://lh3.googleusercontent.com/gps-cs-s/AC9h4no_KsTlSiMVxB1hYLYyuRAqLnexfZdS8muUUJyixQOWUvrkl-QdjyQslp8EDq5_yQ3Xuy_PcnUEGSyggroKicFJ4_p35uv_nDa9QP2KBeZKS7uRw8GLPeBFfax5mdIIuCzEy1-gfg=w1920-h1080-k-no,https://lh3.googleusercontent.com/gps-cs-s/AC9h4noTlXfNYINU5CBucYcERVLP13N7j6HSUTLJNQnnCEiVC6bdfDeeTGpC-jZVSVATKPNq5RWCMwujuXr2Q1SEIrrKhpnD-Sn3GIhMnVOaP1PqJ0mwyVrUBM1SNvSnXrMqQqmUDvyAkQ=w1920-h1080-k-no,https://lh3.googleusercontent.com/gps-cs-s/AC9h4no4Q4OeA7Qd2-oh6HZQYO9XqMFGvcUXBvxj_mMaLiWavD978wlwa_mj8JzcY2QrXSoJ_DMn8t2iYcvL6FNgHv2V8jS0nVl_hoaI1RzlqxhWttyWcKD3i5skeJta3pjrYEnVcPIs=w1920-h1080-k-no
قاعة لازاورد للأفراح أملج,https://lh3.googleusercontent.com/gps-cs-s/AC9h4noQ69J2vu9vQsK_kM5lZC0fS8hL_AcqPg8-OytAMizA-Tvc8SL5hlcggVg4zGCgMOBNS76GdFOoTRIJoU7o4m6avJb8topna4FA4bSF8oKLsZp5859v68RgQHyIgtNSuQFLLnyeqA=w1920-h1080-k-no,https://lh3.googleusercontent.com/gps-cs-s/AC9h4noKJZi6aF9iGdmq1UJSo8K5-Pw2Zzjv839F-3GUrXrr3inQKgzHxieEC-6--_S6nJtCAzN4qgCi7u9tHvdSS4gphTpYt7I-rpLNqa_GG9caJ_pongoO5FSMjkONV0TDCraYhaoL=w1920-h1080-k-no,https://lh3.googleusercontent.com/gps-cs-s/AC9h4nqMNgMeGrDczVdtvPnCtzFocxFNhJPq5JS6UJrVzXgiPbZG0RI_kJp2_lM-Edca7QtVUnJOnmIjZWVrt6BiccFNye2JYbv5CYNP80swR9FVTuRhM2Zwjb3DFY7RnTZp-gJcFjYBgw=w1920-h1080-k-no,https://lh3.googleusercontent.com/gps-cs-s/AC9h4nqw1PHVjlrV0xr6nE-sjAAkpBwUq2h35qdHUyjBEcb-lqB-BkRVmNb3UupHMYTIBVPKDPJFuyi5w2SSEE3yX0-i0xDaiMQoeypvEU2Dp8Qa17PXpnd3XwFvv5gFfLEFBsBNzAi2pQ=w1920-h1080-k-no,https://lh3.googleusercontent.com/gps-cs-s/AC9h4noIR8-KOy6mas3CYwTrBbszoH5G3CHntgNPMcIBq7lLSXiN2vCA01i5sgdpkvLVnvlr3mOtAAVr-TWXdPBy_c69uCQMVEIIRfG_Wkc8ilcZMH4qrIZptNJEAcV7hf9ylOUTu4pKKQ=w1920-h1080-k-no
قاعة النخيل لمناسبات الزواجات والمناسبات العامة,https://lh3.googleusercontent.com/gps-cs-s/AC9h4nq7bQMTVHlU7Pt6mfg7ZoOoaezFHPlZYGC5mSX2DcSul9UGQEF-Dr439W1zZP97Pk5PUhBCWEgpNoFgLt6UepV0QkhBNZ_jjjT-2CSSgq2UHTmPklFOsLHhV9r5f7e8y805Pyk=w1920-h1080-k-no,https://lh3.googleusercontent.com/gps-cs-s/AC9h4np6bKp2Wgb-pfspARlK0OE6k8JtRVMWYH5yO7cVuma_Yx0Fy603kWaX8sOy9H2fdPClcBCOEbpNgiKCLuWeEgBCHaVUfo1x0ZajIWive0ANucSiFonBQ-AjMTBfav-MvDFAs3dp=w1920-h1080-k-no,https://lh3.googleusercontent.com/gps-cs-s/AC9h4nqKtyY_QtmMbg-VGyA9N5ueSZhlZllwdez1SyNjz18V8HK8hT2tODyqLlrJvPFFAADaOSJCLQJngiKkScHmyYp14wKxUB90bZ_94FsF-0ToK3X6dC01IhUJ38ehNOH3X7rGgMfkGA=w1920-h1080-k-no,https://lh3.googleusercontent.com/gps-cs-s/AC9h4npZJT5m4sGCwUpJuoDsRZEeJSpMzVhuB1BEj0ClKiUp9aswh4Uy1Qve_n0V9zvXUQArqxSQytEW6qtkJ4PROdswJo3N_H8aCnAsTCs1wS8y-5FdMeI8auyTcuiSp0gHLFjooe8=w1920-h1080-k-no,https://lh3.googleusercontent.com/gps-cs-s/AC9h4nozCPelFeeHXn-SrLx-ZKw5PJAqMLNJ5iBmgFbT7pL2L5dr-wfFu_Bprxne68P97mLbhc0clctv53tgzhEDOR_oD3-lBbJ4Hsne139lpvdhfAU3QxoccAxwoBe2R_uSnMg5IDY=w1920-h1080-k-no
قاعة همسات للافراح والمناسبات,https://lh3.googleusercontent.com/p/AF1QipNPON82z1wcGYgbVdCk9wjiNNnhFdduQ8DWsbL9=w1920-h1080-k-no,https://lh3.googleusercontent.com/p/AF1QipMn6G1S4B8uHzAwQXq_JkIlcFDd37_M2cFE5A1c=w1920-h1080-k-no,https://lh3.googleusercontent.com/p/AF1QipNKAMvJX-V991kKgWDZYIFBB4OCDcYZ0k0UWJv7=w1920-h1080-k-no,https://lh3.googleusercontent.com/p/AF1QipOPe2L8FRUHlasNn92QVIeEoIRnq4DLVevRY0B5=w1920-h1080-k-no,https://lh3.googleusercontent.com/p/AF1QipPPT1DlSeP4pKtRtSufUyX_sgyueNuVFr0t4wVI=w1920-h1080-k-no
قاعة المملكة للاحتفالات,https://lh3.googleusercontent.com/gps-cs-s/AC9h4noAD6bLGahLx4M-HDQKqfgb--IFTQ_OngI66VJXyo1YB-HjgFhDEVLHVIFkiDDhI2ArQ1M6OE7zRBQtUTXocBlgivgBrowDm_3oqfm3NdISvgXcnPHKOtn45h9MuzGwXtAEfgAHtg=w1920-h1080-k-no,https://lh3.googleusercontent.com/gps-cs-s/AC9h4nphYXhv3aJWk3MAM92gMzbQPAz4xsLmNg-2H9EqTI39oBg91BQPw_bBMzM2Vl_K_kvw_Jb6vkv543ltczXra4ks84LNAERr1UD2PujpXz6se41-jH5RBtj2hi3ZajbKjBWVeNuvJQ=w1920-h1080-k-no,https://lh3.googleusercontent.com/gps-cs-s/AC9h4npXg0sgCG6MtviAoy3NhTQwA6ROF6gZwDYD-3o-435ZbuMIqZZcdb562ydn8fDdehgJWfCweuKEp5iZO9rrp-wqC5rZyAyC5rx059QbfNalfetNTw-w0iAG5Qt5LG36WTwwNx8C=w1920-h1080-k-no,https://lh3.googleusercontent.com/gps-cs-s/AC9h4npfbmVSEFWA6NXu0WsI83d5zH_1Y8uR3qU5X9uFtTm4LV1Z6Dsr6Qr3Up-DT9OO1uvUtBwUFljHUS28UsnXl3i8ictyZxmIbv7DpcY1BL8D9LZM3ck75P1RIAqDeRH0YVUsIx1LVg=w1920-h1080-k-no,https://lh3.googleusercontent.com/gps-cs-s/AC9h4npxK1LO5MD402Z42lmZJY8ZH3wp19vI_0if8nTSEhIZkbp2UCSsw6uKZX0e-rwANNKLgWFlrm4eShQjmk9T6t3xA4CidkzP0ymWUx4OE5NnaPwLX2pS_FSRDNhOBmD2jECQMj0t=w1920-h1080-k-no
قصر ليلتي للاحتفالات,https://lh3.googleusercontent.com/gps-cs-s/AC9h4npos1Ndk_xaV39owhiP4ACQ10Ajx95E09b9SRV2U0Qtp0_lBGg6EpD86xiKd0QMXRoLAQRk3dVbkFGUr6Z8FklMi5wISCOmGErVIj3C3BKplW47WZ-7Iwkjf4qz4HdGIBIlkonCuQ=w1920-h1080-k-no,https://lh3.googleusercontent.com/gps-cs-s/AC9h4noCaUW1DG1bFUOvhs4V_QmS-zkS46BmeK888t_CXM0iw47qfFHm_KHwP5oDNzvczaXF8M-o--VNN1UgfHJyj_CYIWymJryWao_kRxrKuSWs_zcjH9Abl4EvS0KRq_GK0EN7_zc8=w1920-h1080-k-no,https://lh3.googleusercontent.com/gps-cs-s/AC9h4nqOLqlMq95KNKirgbE8bsPamHg7fQ8mIA7hx2YmVhcPDzt0MHtiW5aKp54Vd0iF-6XoI72pZaE0As13ze875dAfbBHhwtXucbhIzwvb2Bt5mBuIkB-kUZnZl_bo3FmwBJAbvpcn=w1920-h1080-k-no,https://lh3.googleusercontent.com/gps-cs-s/AC9h4nqh8r4VcyT3KduyDSGOMIBf9dIZjOpJu8_xyC8pm72W_jK1qySTAdOPrnT7WBRQIvI3p1ETPeVMqfljAjvJvnXZhJ8IN7NpaGKTsIRMzmM1OWeC4xitHJxW7SRqeytQHX4pECYM=w1920-h1080-k-no,https://lh3.googleusercontent.com/gps-cs-s/AC9h4nqSRUR4gr_nYYgKlWJU5BLV0NJ7eXKTnk_kQyVtuLUklJHrJ1-NmgDT0jleEBVDtR5N28_C3sQv5BkGIa_NesCqR9Y4QkbNY7PmZJrQs95bhqkaOBJwky2jmkO5Qiz4LRfhk332Zw=w1920-h1080-k-no
قاعة الربوة للإحتفالات,https://lh3.googleusercontent.com/gps-cs-s/AC9h4noliI0SYVvps2cXh0NrDqcy8antG_5GODohHnU8uqjOXkwi9_KVk7oWOvnv-u0Z5iRWDUIUWt8UNYnQHd2WwCYui3IXfnMqBVME5FQvS3nvegtttFgi8658u_WvdMPRgHTBdX8s=w1920-h1080-k-no,https://lh3.googleusercontent.com/gps-cs-s/AC9h4np6XYM5Z9gFV_dzxvjsxKVxVOIZf5_k-MZAiaGG3If3OUzcLGUfphcHwmSThlDK2JQALPW3CP4KmxwtrvLVx06UDmnh7RNgTvlZ_3cijN5ZdUB997dVm9702NtcwcifhoX6oUco=w1920-h1080-k-no,https://lh3.googleusercontent.com/gps-cs-s/AC9h4nqX64hH6nNPUNX0RIxsTGW4aybmu4dTBgyCf4Vnj1D693WBKLiOdxWfH0E8j82GNhJuz5z4ftFLUBCmhAa34zrcnKoesUQcv9I47_izjcUro7MYGLXqI9wc5F_bbl6Ob1CxbFDw=w1920-h1080-k-no,https://lh3.googleusercontent.com/gps-cs-s/AC9h4npuA0VgEeMiz4uNVkHyoDG5qa2tpvgks3uiHsWO7l7laZpC1GBOGXIfZUM-LLhOGX160lzKOXBDtaFRK3BV14mPHnJjxbY45s91v8R1ZbYPi0ppE4UEfYWqxc-p0cISHZSNPHI2=w1920-h1080-k-no,https://lh3.googleusercontent.com/gps-cs-s/AC9h4nqEWKkHLtUW3--j0EjLD8p9ck9br4LnyxuKHv3jhppv84iZObIMSfaNu610urFFhanJQCrq0juqwTlnPIv58iuS6dvE5Rm7S3jeWBPF59UO9ByTaAXztK70NpjHQ4r117gvB1vScw=w1920-h1080-k-no
قاعة فيكتوريا للأفراح والمناسبات,https://lh3.googleusercontent.com/gps-cs-s/AC9h4npKjh3pWvLdXJ9nKJMArQs7HgGTETb10u2OVPC55gWVu-Ud5cN_jB6iFIorDAkHv6EUWy2H204UPHS4BuV38Kf1lCuZ1-bygxXkHg-jmCQJFkyDjqpt3G_J64gSAxJ8iUO6JmUHiA=w1920-h1080-k-no,https://lh3.googleusercontent.com/p/AF1QipMB9yPFA7_Y8QfQV_6Apiu9k8HcP3HES3IwqG8z=w1920-h1080-k-no,https://lh3.googleusercontent.com/p/AF1QipOVWasRZhhUy94UbeGub0Jlp9lbIKr76bqNNCVK=w1920-h1080-k-no,https://lh3.googleusercontent.com/p/AF1QipN30cR2iwwEgJzHhIZ53h887M9PvCnKALqJKR-C=w1920-h1080-k-no,https://lh3.googleusercontent.com/p/AF1QipP9sK8ru1Cf298aAfhH9REiDj5V1rZjnaURrcio=w1920-h1080-k-no
قاعة الفخامه,https://lh3.googleusercontent.com/gps-cs-s/AC9h4nrg6sDPUSE3Rf0LBDU8VklSdc4Izp-RQsApqnFK1O4bxTIKM38G9kDHFsz4XmN4ONZ8WvHk-kfMmqJ_tfLnMdJF2hWjXd9CZ8zdKvWvsWaDStrNMmUh7oYZPQVfFDGDXS9fBsZtKQ=w1920-h1080-k-no,https://lh3.googleusercontent.com/gps-cs-s/AC9h4noh9W9TMQrIr_zjTBojtoW8VSNTfUTXK4XB0DPxiSq8U4mkkoLZurV9OyFNVIwC34d05XoCx385Xrp0DiSlQwRxBze-5myyY11Om2NqY2VIK3FB9KTwPel1pBUG5fN7rA=w1920-h1080-k-no,https://lh3.googleusercontent.com/gps-cs-s/AC9h4np8uOVcPeg6p2vbqp46me-veZb4y-Wr67SEOFwgjZf9B0NygZAQ-0fWAfLyQvz3zMX3k_iXECTNhT--RETZ_9DgxtmpZADmqq-IUUUPWJjOGB99bQKZ9pk1Kq48d5NuBLZ5Z8c=w1920-h1080-k-no,https://lh3.googleusercontent.com/gps-cs-s/AC9h4nqKWailm7bbu3YJI1lHfqkT850zWRkg8rkE_rtHEYGX59sCR0U3bsEZpwoDucXfMDrhs3oj5AurE6zC3-hHMXhwE3u1Y4e4oi4CLLepOoJRMjomvG-Uq04AJXwr_colw_ZfxtM=w1920-h1080-k-no,https://lh3.googleusercontent.com/gps-cs-s/AC9h4nrR8BnClKlpmmvpzu_thtWm8zw4s2qHke9bI9vqOWiqcr0WgcbC4OkXayWCcrDi7bm2S7kJpZmhcj1w8puPQlIbgf6qK5E58R8XH0T2RGGDGeby7DCYovroN7FaGVrVxAdAmOxA=w1920-h1080-k-no
قاعة اللؤلؤه للاحتفالات,https://lh3.googleusercontent.com/gps-cs-s/AC9h4nqlZzCYxTVJkwj2v4yUoSpyuEiMSzOA08sVqSWSaTmI8peJ32J_nVWzsHoLeoogu3Fi3f8jtNcrH6OA5eVO-01289Rg60DRiRPtkd_r3PNjUfKehl_FNNEej94NzmX-yAK4s8X7_Q=w1920-h1080-k-no,https://lh3.googleusercontent.com/gps-cs-s/AC9h4nrriBEBTHWdXGk5iYMykAnrg8wUsXLs2y0xuTuP4PQNuzMGuBdWqo9LFX0GMvx3OTDh2vk3sNbHdq6bUALQZOxBSrJjK0ZRnmBDd7MI59wfTHdMXEDW1b1wlx4L7Kh1QM315tAF=w1920-h1080-k-no,https://lh3.googleusercontent.com/gps-cs-s/AC9h4nq2pwzH8-cjCKdV23cok3CQfN80m05MhXuIHDOWxsifT0GFOyxjbW_L9JB0HtcXVVQnD5ZBadLauvSq0XN6Cfe5jiUlBu0chwUy-y8ZsHzpY0KZlZn5hMmlTHx4s3bupOOuva5U0JADfV3z=w1920-h1080-k-no,https://lh3.googleusercontent.com/gps-cs-s/AC9h4npr1DyJiHL9rjFUCBW0R81Q8F8PcbE4PRK0ZPTjaYbAlAru3yggVGWt5SsKF7rhvpDpw8GN8-sLfZ-2qWOg2iXWaAQS6qARi5Gt6Okw42pENjAr79nQFMeTRoWbUVtBRHGFb5yVHw=w1920-h1080-k-no,https://lh3.googleusercontent.com/gps-cs-s/AC9h4npFc3-EwkExPMf90aBpgkTgQ0cojlb6Xfw8EtoBwz4hYjvlZfWo8Mst7M7eUJLHjwdMqHbODIlv1MW_Nm8eaKvQGtlY6yXTUO0V-dUTg_IS4sH8ktKY-Wrrgu4_wQxpOkS0wSra=w1920-h1080-k-no
قاعة الامل للاحتفالات والافراح,https://lh3.googleusercontent.com/p/AF1QipN1pT5pT1Pox3W49roCgHRmTKUyEMzwUw1EDAc=w1920-h1080-k-no,https://lh3.googleusercontent.com/gps-cs-s/AC9h4nrVoBqnsW9HqMKcJYRa9we4F3rV-k6cjQo6TEQkq1EDOH1wF4RcpjX4CLHCvTxbG6AnJ4zc8Nnafp7cLK6Tn1hl9FPJqQQeIrgEZVSxKBZXPm-jlA5ooCeio8vIhQpu-LvStxXV=w1920-h1080-k-no,https://lh3.googleusercontent.com/p/AF1QipP7OxR0OqOBqYhF-SIHcpaMyr14xlR41_HvAp0=w1920-h1080-k-no,https://lh3.googleusercontent.com/p/AF1QipPET4PR0IqszHEyirvqneOWb-deXlpoa-xkjNk=w1920-h1080-k-no,https://lh3.googleusercontent.com/p/AF1QipMPYByCk8XRxh0bkA7Qqn89Mfoq7aAtglkhqns=w1920-h1080-k-no
قصر افراح احلى اليالي,,,,,
قاعة سمارا للإحتفالات تبوك..,https://lh3.googleusercontent.com/gps-cs-s/AC9h4noqLf8LCW27pb8hDWDpURWnWPaxje_ZxHAdBDhVVdYwyZy9DDYFsgr__u3yybvZMSGMly0p0iH2X-s8ytEgHjucfDV80cpgicyPqE_OLEicn2d20MFnPd0ydIomdWDxzHyW4XRUVg=w1920-h1080-k-no,https://lh3.googleusercontent.com/gps-cs-s/AC9h4nrcZHs7Qv23DXFU-ePa74jOfDyaGyx0Xbw7VUk-Qcc7tufCNrhTkkmO_ZA1HZDJGGdrcbSY5xiVlWmHu9o98G55WsE_dAsYvH2eCKiTrkEMiF4DEPPOaWaRWVCsTzo0wn3ALZ0=w1920-h1080-k-no,https://lh3.googleusercontent.com/gps-cs-s/AC9h4nr5ZHa7365GnorUC5LNVUhZSZ6nmFfxXlxBb6pF-FkW0jx22ZxyswJMjADMlMOcOofnqVVzyFkZpjFTlpZ9lIg8o8-Y7-TGMhZ5AkRLew2x6AC9m71Cj3xRVjbHEEY9aVXr1NI=w1920-h1080-k-no,https://lh3.googleusercontent.com/gps-cs-s/AC9h4nqySY-7dmXp5yK3ezyz7RSW8l2sRqSnGTqhXGelLJgWUXRnVGONIMFxXyVvm1vuYnXhJ91E8Hf_Qgh5M28AybZwRdIcGcbWp8opuYaq1B7NohawXXvEl5maBR2MhgO1UIb9odMM=w1920-h1080-k-no,https://lh3.googleusercontent.com/gps-cs-s/AC9h4no2yuI7LnLzQ8U-1bdtxf3LCbRMPP2ckir0nntimQZ8UYczBChrosoJhtar2Ttg2_Q8PGNGENaYEpmpDovXBxhqXdf9HSmwyTXy5H2ULdXRfprvu6LW8AklFLYCUblPDWqkHW4=w1920-h1080-k-no
ليلة زفافي,https://lh3.googleusercontent.com/gps-cs-s/AC9h4npteq-FiZveUp01P9U8c2J1EkRqyMVJbDXIDjPSMtO0HJDRd_Y4IxfQGH-YmEFN5f1558Nqfd3eMjQelLEHILVoRamHNdXijfS91wXI5S572YMYv22YQYc3AD13ItH9aNnrt0_o=w1920-h1080-k-no,https://lh3.googleusercontent.com/gps-cs-s/AC9h4nqIQ-8pfk4PNO-lxuyoKUjL7bEVv9PGN-s9KF-g14O2Oc1Rr14MaO-XExCwKZl8OP3pEvHSQddDjjBemc-DloDNlqGrmjITHssx__DOg1gPZyR_7tO1QJG13IbKFBbGg72k3fl3PA=w1920-h1080-k-no,https://lh3.googleusercontent.com/gps-cs-s/AC9h4nruW7MIjhiOsGMcSFPPhMWgxt7fgH6xZejZbZbsrWGuMuGg2GPh63Ci17XFqqw3QEd0wUzb3aqepqOuPNLVQTp-b9GHiZ5QgW9VjcqL_88BDtIOjqdSo00icZpIb0iJerZLjg0x8g=w1920-h1080-k-no,https://lh3.googleusercontent.com/gps-cs-s/AC9h4nqPRJ5ZIyjupwCoaf_rFiUYPb7joct1k2es_W0-w4o9KlK_201qMXEHH4mQyuEM5hstaV0tdiLv1ZB-N8kDHOvzVpZk7YZg2L3UEe7Df9C-S2uu8OV5KBfJIMLfQqt6O49YIfjT=w1920-h1080-k-no,https://lh3.googleusercontent.com/gps-cs-s/AC9h4nq-02fqVcT9ZYRobBOH4FzCLQa7zCWjAS3OPJDNVgcGcOIAut0pwrnsq-OLHvezjqSA4l47d5UkwpSaY9hTM15UXtagxCOKNo_TkjNB56SLVQaS4gXVfw5WaadNG7W-kea9w2Eipg=w1920-h1080-k-no
قاعة الأمواج للمناسبات,https://lh3.googleusercontent.com/gps-cs-s/AC9h4nrOpRf-54wS8HhIRdR1F6_YnQvop_picEeg3IF5mykgn1qCxmlxvner2boi6LQG36j99giEcd3aCyc5dgwqPWQm7QHprvgHlUl_RB_Jxq0RxUMLen-lUdTkkk5fVMsdOmK8Tc7W=w1920-h1080-k-no,https://lh3.googleusercontent.com/gps-cs-s/AC9h4nqAmoG4BhkHsTtAXEPF1iofYXliL3AX_Y13d6Tdwk7DjCwcJc9GebdG-ZNx6rc3Qd0OZg7TFcfoL6biTGOenwczfV0hzP9sKV5xZ9dL7gf5PZE74ft_-F3EmLZKqq1jIUrp_Txy8Q=w1920-h1080-k-no,https://lh3.googleusercontent.com/gps-cs-s/AC9h4nqJi9lX2NRozdN31vcbd1BLaLgWEUD9bAd42ddJXerad2amtohE0CyMcUUX5D1gx9N9NH512OIhfzFirwKu1wuOZcIo0qqj13Iky59kpgPBiyGz1j46w7bk8MeWvejzDeZ88bOl=w1920-h1080-k-no,https://lh3.googleusercontent.com/gps-cs-s/AC9h4nrfNLIfo7q3G11vdOcjyfL9fxPkd5ew6BnIgYl6W_rmjruwDsY52VR7RwyqtLe4WOl6a2shgjXOkObfVVaHSqkCV2xT9rsNXqaqUgbAfrO8kdNs1oYyRLNFy6WouBLNfpUgcvcf=w1920-h1080-k-no,https://lh3.googleusercontent.com/gps-cs-s/AC9h4npSFzXhFdcV8E3WSs6hlVhJPJmRjA9P-eV-9EkTTLDxfHG05MWEh5r9NQSA_GMH1GnqIHvxTj--UaVc4iy-NYLCQ-_F9gByjb0K_h75ZyOiPvC8b2965_DxwLFFB_LzE2xhw2V6MA=w1920-h1080-k-no
قاعة ليلتي للمناسبات,https://lh3.googleusercontent.com/p/AF1QipMlP7o_wgk2vkFXSrbdw6EGvK8k1knNDv1Sx4MW=w1920-h1080-k-no,https://lh3.googleusercontent.com/p/AF1QipMPyHwrrEL_Paif3QLdnoZGuzT62xNrbVrURxra=w1920-h1080-k-no,https://lh3.googleusercontent.com/gps-cs-s/AC9h4noOMCL8mP5_NuYmA86SVW2o3odGmgMS_Qgmk1vQBnxJzl9Chxh-WyjbAgAovRQiNMVFbENrGNdy3y5rGF2XifLMeXs1B8j0fSw6pLo1jUCy3cY5i8dWHbHID7bpxw0gkqYa8WVY=w1920-h1080-k-no,https://lh3.googleusercontent.com/gps-cs-s/AC9h4nqERK3jPpEPDitqCX_lXlXyWwcErs__phMVxfEDSunCRyOPWvz-q3iw4fQ2UP3xAGZMtMMsdeB4OiQnO8VugcPbONQ8uOZ83y3JwOTeTq5KIepMGrb_hKrTL7GnagFh72C3gyzXQg=w1920-h1080-k-no,https://lh3.googleusercontent.com/gps-cs-s/AC9h4npkvXsAD-fT0RaFIQBzGbSIiEicF75eRZ38hkcqS67EytzUqHsbuOqjpr9672M9-Tu_k-dsMz6sm6Aww0GGaxc91c092QEzQ12v-9moI3HvgosRkhFN7dJKZjXtdhkG12VhE3710Q=w1920-h1080-k-no
قاعة الجوهرة,https://lh3.googleusercontent.com/gps-cs-s/AC9h4nrpI1Ie3HKfKH3i84AtWIAjbssC9qbcYBktTf5r0zcnGy3zZ2zlpCu9ZOfmjLT4P7qYwMHEBD9JlZEAs3630fOUQ3beZT1MTvYGHbCDT2V8L7xXHBPaFN9mUGzMnL-EhsJ6nJxw=w1920-h1080-k-no,https://lh3.googleusercontent.com/p/AF1QipPD4K4w7k9z-huqwSixPkYOpcwStQsv7EADZl5U=w1920-h1080-k-no,https://lh3.googleusercontent.com/gps-cs-s/AC9h4nqRnAN3YfJ72QvYDAgjaGfFcqr8clgM04gnNYpGgfAZklDBmPwB1AKCC2yUto5QzJFeO9-n_8UvA55oKmHZ482fWySUCwG8VyonrJ4WC_DXTZZjnGp2O6qsJXeIkMxfSBywyjv4=w1920-h1080-k-no,https://lh3.googleusercontent.com/gps-cs-s/AC9h4npHoux4bQUv1UUqnJFLPoZ_CsnVAHDXQbGKlabcbUVf04eQCGHEcuygiobeUKVKqMw3Xh-u3eFfHu6PF2dBTohVYP-w_-2KZaeQX7PK8k_3EFOZ5IWvZG5OACtaGRfYjxvG2HKyzA=w1920-h1080-k-no,https://lh3.googleusercontent.com/gps-cs-s/AC9h4nr6gn9PYUTBIEfFAS6SnFpvDSrFBOgtTG662N2198zvkpow0BrfKnwBEFYkP3FuVJ9fj7tOc20geOJ9uRadHrSPLboVCSeL_v3nt45xZrOVYvgTiVAP75_D80YTp-QI2u54s4Q=w1920-h1080-k-no
قاعة غناتي للافراح والمناسبات,https://lh3.googleusercontent.com/gps-cs-s/AC9h4nrjNCLOG_1ONflUAUB1bcNb0ZrO_CmKgxmTuUEeK52gdBeWEQvj7HyNneTLc6Ms8Sc7orx1NQbD4WX85_0SbTNaxyyDz7YKGDelJvCTaVKwCaP1siT0GCgmhvGZnaVnUIuqqJRv=w1920-h1080-k-no,https://lh3.googleusercontent.com/gps-cs-s/AC9h4npesVi9Yb7hpvvn1eDIBd8SBpwh_A9wbSjo7zK6Azi4OLJKNvfdIVa7FXxJCU4B_K3nyMhb-ZVYICLltXHCJcvrKeELv2QouIFs6zE0GSpxtiAsjX_VXS5YkDh6UKWAep9sWWjirg=w1920-h1080-k-no,https://lh3.googleusercontent.com/gps-cs-s/AC9h4nomnwE-swcJRuri_AFPAZmNdKKntNEqT_NQb46yvCXmN61HWmCVsrLrLQa1YeGpI5VM3KsYcF3A0J51Y1G7dRl0j20HMa6eYsnVNKzvsDucfVi1LRYeYrRCfmB6j4ay0mH8b9fiLw=w1920-h1080-k-no,https://lh3.googleusercontent.com/gps-cs-s/AC9h4noJKL1WKUPG7hr1NvA_OqTo8pkz-GOr-Nm9S9xS3WQUU-cbbbNClIetSURJ6osjLmK-rDfDtTP4SrziIDI4c1NsmV7HtMAOzbUQweUwKT_FwC66m8nfoLU9dtInFOgJJJYwrzOdYQ=w1920-h1080-k-no,https://lh3.googleusercontent.com/gps-cs-s/AC9h4nrVWn66SHk7Jwe7_LHmtssg-iI4FOeK3-fNXB7taH148Q0o0GUylRyvOLNTZdX7xipJw8Ax6r1AYGriAkoJGB16tBiooPiKuoYjKBaFsDij0lbok9qaL1CwtVmnlJYsINVoektfWA=w1920-h1080-k-no
قصر الورود للإحتفالات,https://lh3.googleusercontent.com/p/AF1QipOZgPfdhberSp5ITZOQaq3sStAPXcbFwI5H-0rS=w1920-h1080-k-no,https://lh3.googleusercontent.com/p/AF1QipOc2qX8vP5xaS-uLNyQ-lQgZVAwMzSsV6Fo1VyS=w1920-h1080-k-no,https://lh3.googleusercontent.com/gps-cs-s/AC9h4nri2z3BsocKoVohAsXITYAYziA4CfSAEsN9a3c3piA6nmzpeeGGF3OgzmFKhzcYYu34jR_cc3Yuxhu_GkKrzwC_k1pOiM8T3PqZya5_B4X4iC8WHbhCu8etb_yDXf6uBh3Qz5FMtg=w1920-h1080-k-no,https://lh3.googleusercontent.com/p/AF1QipM1jDZmZ7JNHMpDgA5E8WjUdDT4sXYnHwRbp3dd=w1920-h1080-k-no,https://lh3.googleusercontent.com/gps-cs-s/AC9h4no2EV0riRnJY8jbxZzo7HGz5RRC8NCoUl0asb-xpvwO_K1pkXYkRhTXWKxOU40Y2iU6nZM4fHNELpUiDmcSjgC67pqFzHJQMuLRpKsl-ohCf_HsQZPtFgQnTti5ZmW7GYXj4007qA=w1920-h1080-k-no
الهدية المذهلة للحفلات,https://lh3.googleusercontent.com/gps-cs-s/AC9h4npht04nx1Z7D1dN2HxRfotr4j3mUmUTrP0elK-VOb4ond_wvP9k8AheQiXuFNwlHEhL6Cua1popoPJdaaZJlu3QGPD_NwVR233xpHRM17QQ4PxnHa7n5Ttfhtkp2JH4BDBnhzKs=w1920-h1080-k-no,,,,
قاعة أماسي للمناسبات,https://lh3.googleusercontent.com/gps-cs-s/AC9h4nrA2IWoBOBF2VSxeXLg1zD0k7crnfAYWaYAnBtrSzBVwOzRJi5ppDECoIYpmWR6C5vPCXnxTU7ywGnSxEu2yoHmHYwYoS1TvBlluwUOjgOnaDqlPFQVLKxoHVe7lh42hkl1Cp_Q-g=w1920-h1080-k-no,https://lh3.googleusercontent.com/gps-cs-s/AC9h4nrA2IWoBOBF2VSxeXLg1zD0k7crnfAYWaYAnBtrSzBVwOzRJi5ppDECoIYpmWR6C5vPCXnxTU7ywGnSxEu2yoHmHYwYoS1TvBlluwUOjgOnaDqlPFQVLKxoHVe7lh42hkl1Cp_Q-g=w1920-h1080-k-no,,,
قاعة صاحبة الفخامة,https://lh3.googleusercontent.com/gps-cs-s/AC9h4nqZY_ol7W22bQ3hnYjurhaweaZqpRPs5KVg3-hIJTXA2zTeHYkclMwn_dD2_smpi2CBKtC80dmvaGnSAn4vAHSYt4fOPynT7foF7gUzF54sJZQVvrhhnoRmOnqsjLMIbVCyBrPO=w1920-h1080-k-no,https://lh3.googleusercontent.com/gps-cs-s/AC9h4nqFy8i9diwFcEpMnxLcqNVzieaMwZOFD-PHEDG4R_PhQyYQ8t7HTsfXI9xtNoqJvQXZ8D4E6JzJhun5KCrmfSmR0bmTIVFsUu_dpgi6XXXx2yAgbNrn9keJ18jGzoOlBmKezKoN7w=w1920-h1080-k-no,https://lh3.googleusercontent.com/gps-cs-s/AC9h4nqSVc4xl8V6ir8lcGQtUGwcblRJd9S_mqu1Exj3M4WccgFElqrlKYn-_3zheElggisaYdQfXMkIKQt951Fnhdjo-qOZxv0Svm68Lvue-8nOAljeMTmEqQV47hayOk2A0skYwpgf=w1920-h1080-k-no,https://lh3.googleusercontent.com/gps-cs-s/AC9h4nrZFhwnx1tA21bs6faAhdx8ynnowZSOU4p81IY7pS-Q6hZ3Zw1EEY9CokyY8DgauCZSNvCqITRvoBoX-n--qX6c7hJ2pFWpgelm6ds7bbRyt1ju0ZEw4MWnSgRR5ND8ZRahREI=w1920-h1080-k-no,https://lh3.googleusercontent.com/gps-cs-s/AC9h4npXhUvQ2dlEkCJC2jEJN0AcKZ2odlt6uJq2YoqkXye3WHk-0wOsWTCif3y3BKuoW8HgSkxyoiLlP3gCiKbq7DmyIwP0NBJqP6_SE_DYZ7azXUQVy1mPw20nVNhvB_vPgs9zlQjy8Q=w1920-h1080-k-no
قصر النور للإحتفالات,https://lh3.googleusercontent.com/gps-cs-s/AC9h4nolF_25Se_gWr7n-I8OQLcT43YZ1iF5w4czRKDGqo96LeYjciKBJ5UCQKGW5RFO7jZTE_u52MUzJEg91euVW9CccN5fiVWF_6g9DDboG9SMULfLlijLRBJ2JNoRS6KYApNAIXP_CA=w1920-h1080-k-no,https://lh3.googleusercontent.com/gps-cs-s/AC9h4noJ2OMrHYAJPfvecVZJ8eonitaxx9tlVqvn191mhaeaXTx45Z0Kyypn-i8anH_GASmpbVqMpeIdTrPN9VQoB_14AMfOgWpbGIZMfNIB_nRVDSRX7N6Bbq6p_jr283kEl8Fu-fS71A=w1920-h1080-k-no,https://lh3.googleusercontent.com/gps-cs-s/AC9h4noIk0LieU_xyU6Q0ec2-nCZcR58vx48YOCrflgNZDw2WavXnrXOd4_8WDIOI2ZDf6DPJSs4W5dfIIweQtQTwCePjweSNZWlcrZ7xMgVuZqJOYfCWmiKYFpvYpOQkUQjxkhDI794=w1920-h1080-k-no,https://lh3.googleusercontent.com/gps-cs-s/AC9h4nr9OCmCM4xbzJaXcDzM1Lnh9tXEujU0WJLTM1W914uGi2kGO2Nc7Ar9uD0924MaVlA6LHFqtXdIWTTjuFvmHj_HacWh2609wy0wEM62QH1kphhC0xFKaNk7jxw2UdnCzBuONUca=w1920-h1080-k-no,https://lh3.googleusercontent.com/gps-cs-s/AC9h4nobsaDdfJ4oHOCcSdwrcbnR6JB9gyWCAE7SOtRctu3xaQWlC7HliCvI9zWby9MPVQpCxnTyRdwOIBOkfAHUiCaVV8TxPp9ymUSWWnQr1YmjZQDaN4tSO-gnNZoA1kepfvsitEfB=w1920-h1080-k-no
قاعة درة تبوك,https://lh3.googleusercontent.com/p/AF1QipNcynw8hF2OQ6JgOVa2vSP__JBJdnn3tb1hhBWc=w1920-h1080-k-no,https://lh3.googleusercontent.com/p/AF1QipOZFkMDK43HjIDowpLtp3mH0FgtZYCe1Hu1rfTw=w1920-h1080-k-no,https://lh3.googleusercontent.com/p/AF1QipNE0HJX-tWPtEZ65IkjTwcjcmKJmUXXumZ5LF7Q=w1920-h1080-k-no,https://lh3.googleusercontent.com/gps-cs-s/AC9h4nrBEYk4DViQTeV2b_Oohlt8q2Q-KjX-o5o3OjjGTX2QxtIcnwOLjmbaof9C5Uso_F73DaNkvWsRC2jPbLogPJU40lqSQ2PYQjDTNOmnObZnZHcIHmWUMdBbY_5OkJt9TqjVLzEE=w1920-h1080-k-no,https://lh3.googleusercontent.com/gps-cs-s/AC9h4novDJRG8iMAHfnSljl5HfZQZXuFlJvFk-JVACJsa7jhT84I8eP2s_QO_hQTWZ0RorvABvO4yKhfuCCC2oI1YQFyK17w9XxpR1DKTONlKX9UtpZtx9Y-ZkAorVHG8fZMqknUq6oZ=w1920-h1080-k-no
قاعة تركواز للاحتفالات,https://lh3.googleusercontent.com/p/AF1QipNh4_r94vsKxDAXFrsiVpOC409eu1JIUz1ejDz2=w1920-h1080-k-no,https://lh3.googleusercontent.com/p/AF1QipOOmUJbYU1jObyav47q-qKl5oFFFxB_RY82fYrn=w1920-h1080-k-no,https://lh3.googleusercontent.com/p/AF1QipNEDHJoJael1MRMR7dM_BkWvFA2XbsBaVDc05Sq=w1920-h1080-k-no,https://lh3.googleusercontent.com/p/AF1QipNC7BN5ElaNhxAVmsNaYuExEeE5FRu8E9OsJg7e=w1920-h1080-k-no,https://lh3.googleusercontent.com/p/AF1QipO3Z6IXUxfb1SvysgdvCNuzK3TjA5pdtaKGIIIK=w1920-h1080-k-no
قصر خيال للاحتفالات,https://lh3.googleusercontent.com/gps-cs-s/AC9h4no0tV_ksjxjhYRcz0IKHAMpVaK8f3-WgFnhSCFBFeNwYhKaljg8b_CVtvyFudF-el5jnfxrYTUA5uDl0PBZIqMsvwDDxm95HjeiEAS5iMvPl6v7Y9SIApHp8Grw67Hu1cqRE1kH=w1920-h1080-k-no,https://lh3.googleusercontent.com/gps-cs-s/AC9h4now5g4hHQyaBY1w9Tqu225tTxdkJDbO6Pf1aV5f3YNTO5gGAH1vxw5ecNzIWC1oin9z2f7Axj37n4tQnuUC0aTtQ9INsloFjeZF6BM3CabmHDsYs4uPJ1zm51o-HoSGuBzwKu7xzw=w1920-h1080-k-no,https://lh3.googleusercontent.com/gps-cs-s/AC9h4npfrIMwUzqTAkuUCdzzXDfMPUbjQXtJh7zPkwLvPwArFkz2xTi0tG3SB5QipHskDQX-Nab83FH95rbS5WeUrtumnwY8jucfOIJIulYDBcuhlmHjqGqNU7QAvAgGo5kgDt2qBueqTQ=w1920-h1080-k-no,https://lh3.googleusercontent.com/gps-cs-s/AC9h4nqpiSfGDo8kwyH7UPHjzKojKXdtM1ScLcFLUd1JKUgvt9td8jLoCyu3Qei9546PIwy1qBiIgjRlBKjZsoXrUKZWJpud0qVRlklWwJT8at_cGoMqQjKZgjY4XOo7m-IH8mtqp9_o-A=w1920-h1080-k-no,https://lh3.googleusercontent.com/gps-cs-s/AC9h4npm2i1fTv3s_mR5oMC59e80dlRlZF0_1nhRrumnbt2GmhbOrIWkDfwo9-yZofidwmjT66NwRPkBsnHVlW0vBpBH9ZhRrtUFqryonDZx8ThESBdH68AF6toZBV66jYtfWRaXK2zT=w1920-h1080-k-no
قاعة الحدث,https://lh3.googleusercontent.com/gps-cs-s/AC9h4npnGxYTrmr98B29zP79V2cAVh_bvV6B0IXZUv1uD5oYtQlukfkp_aatPl3KSH8pvfXTIrGmzPFdW7bfWyAQWqZIL9D6rWN1sD46tmYflYiqPEofJLWsWLWyKmmtQZmxubAv8Cjz=w1920-h1080-k-no,https://lh3.googleusercontent.com/gps-cs-s/AC9h4noC5l1gP6Z236Gpdbct1_2SzMIJWqTzrzin3hrmCVbAb0wXX28leWFM9RLtR2DXcj3EMY36DFhdqKVCepHq89Y1fDxHF3kfpN1nks3PmvZLK-a8wHbq1HkrrR8hAKVII4SNxLs=w1920-h1080-k-no,https://lh3.googleusercontent.com/gps-cs-s/AC9h4noID5UstZ33ek7OgaZBHx5Z-hFPx0zsN9pU0zZMm_kvKABcrU08dsfnrmKvjFLS335OzwOytIl_OPA1mLrjg__t5kKTxKWLBI3eBchyLuzCE4_vtsruD0t0x0e175qlx95tIfDsfQ=w1920-h1080-k-no,https://lh3.googleusercontent.com/gps-cs-s/AC9h4nqos14SkmyAWeaWilNMbrI_jGr1XyizgqoNl9hHS1NRbMnVKV0DsoRk9qAVuu4-bOBKBfrWygycKY0mUQQR0ugJhLBR6isefkMZ4cqLbXdYB7kGwWSXl6Qq082UfCBxr0Xpbn-X=w1920-h1080-k-no,https://lh3.googleusercontent.com/gps-cs-s/AC9h4novxmTRoe6dyTifwpHGAMX8iNWn2xA04A73S7KxoZKpEVLDN1fMQkIXXQeKT216YvWgsqgYwB2qZu9pk6xei0vyfFxyp7YQS4VVnIVq3T4PrkWGcMXr4Agxfa8ewk73L87rG1c=w1920-h1080-k-no
قاعة تبوك الكبرى,https://lh3.googleusercontent.com/gps-cs-s/AC9h4noHTdSSR9ostJBDxIpqxR2js3KM9clAW3YJFN_cMmBACZYK1v5Jql0cmVxLtXMs0R-UbCVM5NCZsGqFE9kRABLxzvh4dsc2cB7LrKXmUkbpg-6bBmB_kIoo7xHM9wRqKqZevmF6hg=w1920-h1080-k-no,https://lh3.googleusercontent.com/gps-cs-s/AC9h4nr7x4ybFKRFbAhHzZ3qiQZWqv2O9SIG6H5e4CbXbjJhVMgnymf2JhGau5AlCZB0zSzSz1YR2FFlvPHLPHq_cNNy3SQaPB57NNfT4RKMiuGa2yy2EJqQOvJh-8zj9EMk4351CucQOA=w1920-h1080-k-no,https://lh3.googleusercontent.com/gps-cs-s/AC9h4nqxz0O6UY2UcbDbyiIyh7D3iv3xSRC9nVhXKA5hVvgZ6SWoUJ2X62St18YBS43Kcqqa5EP7cRdrYa7AzUV5scjX_UiKMps38fqIM80DlcIJyP8wbIY5zvTanm4PV1e3DEdvX0tb=w1920-h1080-k-no,https://lh3.googleusercontent.com/gps-cs-s/AC9h4nphqOJuiGhrZ_-pOncKXw8FrYNErjq8HFUE7EajHO912qUHOTLM1W8O_V_cHQAFnfJjyFCF8tOkSUj6ss3RHCXXv2oGqThmU8AVwDgrNf8YWFTo3Fgt7kJZSkap3jHVw50TtqOQ=w1920-h1080-k-no,https://lh3.googleusercontent.com/gps-cs-s/AC9h4nrcO8Ua5fRYNzs1hU9aarJKyrY-JYFDOGCyX7GYvTWEB5Yi-SCktvHrrmXxS8JYQ7PXlogUZfjKlQ1T9LGyaZ8bum2zoZKpycZ3hzKlBdtcMkt5mDM0Uendh4FG1zfC_KtOHWgN=w1920-h1080-k-no
قصر عروس الشمال للاحتفالات,https://lh3.googleusercontent.com/p/AF1QipNfXzlujEWU73J_FiqPkAyleGs-hJ6wxAVLLdyo=w1920-h1080-k-no,https://lh3.googleusercontent.com/gps-cs-s/AC9h4nri1B55kjn6uHXRr-41CpuQd8ciGnAUMGMQAci5mgcb5H5dJSnY6qSg5tBb2Um8aHK8-5ZV4TxVElrdiQtOjePgyVsCbj9LVN7ZOWmH9QAMqoBwUuVJaZzT0_CxQ7f3k5bsJJHt=w1920-h1080-k-no,https://lh3.googleusercontent.com/p/AF1QipMnjWKuqr5Da7wqBArbi79ongKgFjR-Xn15PZGe=w1920-h1080-k-no,https://lh3.googleusercontent.com/p/AF1QipPqxLZzBlmsDvAOpD5limnO634NR0NPQORlOTHe=w1920-h1080-k-no,https://lh3.googleusercontent.com/p/AF1QipNHAyX9rpdeBKO7My4Ro73I-uKjfd6M5UndFnw9=w1920-h1080-k-no
قاعة الملكة للاحتفالات,,,,,
قصر افراح,,,,,
قصر الافراح,,,,,
قصر افراح ابن مسيعيد,,,,,
قصر اماسي شواق,,,,,
قاعة المناخ للمناسبات,https://lh3.googleusercontent.com/gps-cs-s/AC9h4npA6k1rVHNfEATIT6w-0ZldXLyH8AywIwcdDbP__B21-Vf3cnmHI3uPZNlp2hqF6OfI_-9azH72cRUz7tJHtV1kv2TDXuMqaeEZxFHn7mKnptiqYVTO8Ce9ILLOrD8avAT_a-nQOA=w1920-h1080-k-no,https://lh3.googleusercontent.com/gps-cs-s/AC9h4nq9-XJUl-HfYQRnr3gF86bPU-dYKzeQllJVFRSg0Nmim4XZneCkIHhkSf6Y1fJ1DpR-CSACXbJBYg_OGSZ_Nujj8Z9Yik2XayES4sTSHjLZrzXMQGGw3oQiOCSXKb38LHV0jI4c0Q=w1920-h1080-k-no,https://lh3.googleusercontent.com/gps-cs-s/AC9h4nr-QjSbSfwS716KwrFy8ReDDhflnEAtFAuxjVStbCEf489T1cZLP4mOnBIdqqHckSLo4m96_hharnSQJfFfzbTWovRI_ouawIKVXvcTBEpPh9TQGCxr7hyG8W9DyO6CmWOglhs=w1920-h1080-k-no,https://lh3.googleusercontent.com/gps-cs-s/AC9h4npT9TT9WbvhG-kYyYBxLW5Cl2vykca3tVs4KdlVM0HO2958CZaJ36mssxr85RwoPe5Lyk4cxvmAazGphW3m7YBC_AgmwHOcoOxZ1KH6MX3SbO8taxkpEi3OKEX4btHJUotrqHMyWA=w1920-h1080-k-no,https://lh3.googleusercontent.com/gps-cs-s/AC9h4npqw_UuTcCE-II87oXgv85kUtsYmzktI06rNktcFe1ACM1ip7H3n_QQDQxRIB6RxdNRWtWqnxmVy-TkdI45dK8hndzesw2ekmOHQYSpVShAo6mxa1lSEAAEdkmCSVbwhthdms-B=w1920-h1080-k-no
قاعة روزا فيلد للاحتفالات,https://lh3.googleusercontent.com/gps-cs-s/AC9h4nqlN6sEUVzAC8ycoJiH0hzymQDBuCBc1T17saiFY-cM-VfbOlTWF3ZsyF02oovKVFnNa-NB2KKJUUTB8ilPXNrK2yCjWZKrh4PL1GbCco5crNtlWPieiYdAXN-SA7sW67f_Iyydww=w1920-h1080-k-no,https://lh3.googleusercontent.com/gps-cs-s/AC9h4nqnnRWMDVEuheistMSskFb8_vIxZWG0Hn2P3MsHP5YlCLRYoq-RwDsLhXYEwB-ESo3CRdFK6ePpzCthnmUNaKRFcFTYo8eU3ctsYit72N00JMvXEuKD0jenGp1ajH55XeeaZmu_fg=w1920-h1080-k-no,https://lh3.googleusercontent.com/gps-cs-s/AC9h4npVW8EvycDxCwE1aJJ4V40f3tg4zUraXs0r5H8i8YjHcEerA7T91xu5psjafgCiD3NQWhSbGcl7qHux3FoznJ0L65lfIqjiortS395tCPOqb_G9gnJCGysZ58q6m43ZysF_uMVjBQ=w1920-h1080-k-no,https://lh3.googleusercontent.com/gps-cs-s/AC9h4npe4SElwS6JdHVtiFyVaIuTGhr0XB_ygoTipwXn-PNs0gli9-8kRpm2az9R_jQrbPdXtnIYeQNLUlCbZfoyGEYpad9C5o4FKBsZO6awiia_sP61KgM3rWDpRGi7G9kTJ_lE7Mx-=w1920-h1080-k-no,https://lh3.googleusercontent.com/gps-cs-s/AC9h4npHrH7CyzzYDf0spEQxmdeBMx-d4_n3TxJvp5W1KRulQmVm9nU4VaQ_90HP4B-IsISsA7jED5k90h0tesaf3bILRxckp9F-XkA9LXZlXfMp4IcY8-9PKf9OXuAEiGPj2UYqs1XMEQ=w1920-h1080-k-no
قاعة المنار للمناسبات في دمج,https://lh3.googleusercontent.com/gps-cs-s/AC9h4noUE8k3RRMF0p3gnPYT7OdL3PCiMtkOjbFMrsbNETc-3kuOe05uoRmS0k_xIca8uzpN2nhMtdAs5TAIiwfqggfe7SD8LN25t9fM56J90E2_zM0sK3Yq3wmcLuswANWZZzj5-O2fQw=w1920-h1080-k-no,https://lh3.googleusercontent.com/gps-cs-s/AC9h4nq33Ac9H5E3bs5PdAE3HmP2mPzQNWtnam6hldywsPi8l5glh3LANpXjbWs9cU5uMcfOi4XusyfIQT_4YgFIzARvqiL3s4nAajAB5VN8o5JlFqfIZFFoJiJzUegtdeSTe28FAfb9=w1920-h1080-k-no,https://lh3.googleusercontent.com/gps-cs-s/AC9h4nqnpBimH5wL8ph6SHCnCiVHRsgAO-ZudiiGKp9sOpcf80GcbdSYobFRkwjfcIL6QZwV7Q7qbJvBaB9RDP2acn-JXFRpspZyhFA8qDEe_RzMSyl97u3qGg7ia3JLKseQXUqFp1M92A=w1920-h1080-k-no,https://lh3.googleusercontent.com/gps-cs-s/AC9h4npJ8mc5Ii5BIvMGRiGZ9sFlmbMT-3ajE7dwZMxwp44_UWdEY8we_jn-zIPprePN48D4EQfkLXyh1YsO6TQH7rzJT_n19K7UxdVLiIOysaeZcPNY6c5x90RzyvN2T6tsL29gcHdM=w1920-h1080-k-no,https://lh3.googleusercontent.com/gps-cs-s/AC9h4nrsxR2rJNK4BKMvkOBqzu_ZzL2usnuVsfa4qJLOm4ipQZmrNvtcmxoFmKzvJlXD9Gg9-60-7rscP_68j1ExYSOOBzpUQnbIB1ndE-VehlNuS0Z_zOm_PEfyQEuBiSlL1BhuMqU=w1920-h1080-k-no
قاعة حلا للمناسبات,https://lh3.googleusercontent.com/gps-cs-s/AC9h4npLg8lVW7gpUUKNDJrfjjnhFMeowwk4fUpzATuQ8LTpdc1dLqLHnGn59_Nkib8XROBMmu_k4Moegn6ROw6_7RnHGp7b6JJzjhCI5gYwGNOYS4BtUNBsNtJ7SRuml5EILFHOS0VM=w1920-h1080-k-no,https://lh3.googleusercontent.com/gps-cs-s/AC9h4nq1_fRj_F8xC3L8Q-SYA5S1rXX-mrtY9zTN0BCaJ9Y80UKb4SpOpeHppT1EdxXWiqLeeTaOSz95tis88SuSILD9MhCQk-OSIxh6bjF4dD61IIdNR6T349dy_1IKKZTVHAo9Y4AF=w1920-h1080-k-no,https://lh3.googleusercontent.com/gps-cs-s/AC9h4non7AUlU1vYonUD0HbZp5_Mup0U9qAsMHdurCXXGuye0He4bi8AFkeT1Y-NcrmeDmF68OgWBwDzy034YoA1SfiTAq2YlO41eIQe_llyDMmi76FhQYOdSqRnt6y5O3bVy7EyjpAo=w1920-h1080-k-no,https://lh3.googleusercontent.com/gps-cs-s/AC9h4nrepKtd4BPj40wJQvlvcEcVKwTmsUYWw6Vo_K1cIaUkH0D9AADlJosWF4iy0nJzsQLlzpjFS4-8VzwbGq3_uLEYyZqk7Vm0bfxWwVb9h1KXBbYpC0caWPfaprDuAzDD_Bg62DLb=w1920-h1080-k-no,https://lh3.googleusercontent.com/gps-cs-s/AC9h4nqRx5JUe7nCzn8_DEF8RCZ835lUPSjRDUfkV3LkyJzN4A_WaywVqPHxzVK60sskKcjbivaRb6zeZxlrxIpErm7WVV9lCP8g_8g784NRKyMuL2clKLhcKH9RsY-RCRUY3ZFs_ysDLw=w1920-h1080-k-no
قاعة ملكة الليل للمناسبات والاحتفالات,https://lh3.googleusercontent.com/gps-cs-s/AC9h4nok2EYxvbF6q5TuBOQgxzNX7UIwXNtQ3kCsH6N5qqDmv05TSHdFqXODg-zaIiFhzb83cE4_Q-b45zX8IdJC1IVLR5yKlPfYoc4kb23IGMHSA7h5k7kL8DYVujjqA2mnyYUeUekv=w1920-h1080-k-no,https://lh3.googleusercontent.com/gps-cs-s/AC9h4nrble97bMhHU9ykY7HAtfIYL_uNq9IS4bQi_D8zuQVxgDFssrsE6umIcf9nM6iGWtVXoPD43aEUSfKPxX1Si_XCd8OhAcnyd6vfx7G5_4EC72iNhqUqp9OZXTKA4NN7aw-wP4WIog=w1920-h1080-k-no,https://lh3.googleusercontent.com/gps-cs-s/AC9h4nqrLXdgM1o24bujhOty2vGzeVZ9i_hFtzBEM7127dpgTRTUulRuSjK9VxITIFmkcIjlwWsVYfUh4M20ZVprIorUoJIXXs-KNUNrg8wZmqoSU02BmF8yw6CmnuNuU3kCQPCcXnv1_A=w1920-h1080-k-no,https://lh3.googleusercontent.com/gps-cs-s/AC9h4nojn50fteeGt3Y7yTzZvGF0WPmmLuCfr2rG-kCmGZnrKtLB3XxHl1IU2tjsyAh8mcves-zpydsROkDglfo-Qm7qQvA-8U0bjYYmtYb-DcDdhu3a9RmzhSDv_T2U7L112mx1QG753w=w1920-h1080-k-no,https://lh3.googleusercontent.com/gps-cs-s/AC9h4noUNqAd0nkkszH0vREB5BS3bJcSZgouPOjTBGjPMdfw3W6BHGvwLrtQ4HPsz1Kovz3xG-wthqF42iw3tmOKbxLICDwCybxN481aIAlRyb-DIaRrArawBxjESpUJQ0-nqpAlAQtVaQ=w1920-h1080-k-no
قاعة شارلوت للاحتفالات,https://lh3.googleusercontent.com/gps-cs-s/AC9h4nqhch-bUxSUBmYLycJemU6hwEtdgIKgtWRrRy5K0V5R1fyOdd3pEl9-b3tkFp8cYGJLqBfXrNaPjclt3B91QNg50SalNgX6OhId_hnjZ-Kqjy6VnGbrd3TeBVaYbFkqDvYcTLf8=w1920-h1080-k-no,https://lh3.googleusercontent.com/gps-cs-s/AC9h4npC9yW8Lxx5HNGFHVteX1gXI-UruDDm6jnPLPrdQ_IRJAeHrSyJa6iyHsGVIPc0lokttnmYpnSNzr6-daLAfq1QdRutoQBqWkQsFesdWlwHGg1NysH_zxagSc9bNwyILlVl0xEZ=w1920-h1080-k-no,https://lh3.googleusercontent.com/gps-cs-s/AC9h4nqnXT2sDGKGfgqpuPHjlCTy7Q8nSGky-QBUjTv8EzrUgeXAB0TR7kV2Rn3ztThRQYoJSHXJmQoCpVet8448qJ3Y1029Ehde9CcKk0MQzmiXz_D2Z-QGj72EGNXJebGpPAZ-nqA=w1920-h1080-k-no,https://lh3.googleusercontent.com/gps-cs-s/AC9h4nqWW0kXf06HotyPEMXThXihDaF9SI5No2swbhw16Ku-Y76jINzk4kObEcD4lyS2SLaRB-uifLtobf7SsUEzwdMG0ftv5GyE2Go53mdS9tI_b7IgBR3ZlhlJZEglSxPxZ5caTG-8=w1920-h1080-k-no,https://lh3.googleusercontent.com/gps-cs-s/AC9h4nqsnzMxXJ8Wdjqy1UuS2_RMKp1v2HPILpWji9zI6GAtgebQhbd4OLnOXGhFfaI0nzm-xFoKaLRyhASW145IIMNCz2Mos7tXAOnJYnn72memVryvIW6TLzXiOIcAT5G2pbgRWz0=w1920-h1080-k-no
قاعة لمسة الماسة للاحتفالات,https://lh3.googleusercontent.com/gps-cs-s/AC9h4noPHHxmNDb8kf3Q1SbKTu_FMcBCBWQYOe1RbLKQFDawruH8jm-c65OGUEuzC2Lx3rJIsYXb09_V-o-rguhWEq3PMJvnvZY3XiS11FY2snEBk0tLFTO094XhYW1zUCPOqZjKKZ_c=w1920-h1080-k-no,https://lh3.googleusercontent.com/gps-cs-s/AC9h4nrnn38Zqrbl-CEpK3ik5ju4lYyW9lNtaoE7DCUaVv8jm5I2MAMD2aABJtz63M-_ja7nlezEH_7Z2NVxeMvONifr9H-xiK3YaSVdA0fFvhMmIGaTIPDLcgHiD9ByXbtlmVyGrtn9cQ=w1920-h1080-k-no,https://lh3.googleusercontent.com/gps-cs-s/AC9h4nryqXDLZoHSmxOagT083Jhg1oYp2YIM5W7vJVBMtxl_hQP4BJkUCwfO4am5nNH64o-2kQB5y_9M9IDLxappEJJZidziGaOwEJE9vO0GU4OHZW4-KPkPxSbN9FgX7YkTSbpk2lv-=w1920-h1080-k-no,https://lh3.googleusercontent.com/gps-cs-s/AC9h4nodYcfXtunH3Zm5ffjpYpfHvOU9GBFrU67gsGFqreipX_bd_7Mpsaqe3EWiihioGic8w4_4QjjicjKL5UgM_iR_fhFBYq7gAyX6yJvNCnS3xPu9seBTPDMP2bgRICH6lMZD2wuS=w1920-h1080-k-no,https://lh3.googleusercontent.com/gps-cs-s/AC9h4nor-c-XPSpzM20YA1iCn2VRsuBFFNKgLZpjtOx2kSlmXL3mdFtX_oT5W1xN0QWp7rCMfgk3FtpewzXHOEWJvBszdHOXK5gERQeCk0x1DRebco2M-WNLxAGnlRowX0FRtoxALaxVPA=w1920-h1080-k-no
قاعة الاسطورة,https://lh3.googleusercontent.com/gps-cs-s/AC9h4npwu1dN5_WjRFhDuYpOCCocCYntw3cre6lli-sivDrH5EqKZC782dJwEc_DTV4TEPmm0w5bHNHvAHLqF8lUnimi2eOIQj8pwGzTQuI_kj9ZQk1wG732aKw8UihRRkRU9MmmLVMV=w1920-h1080-k-no,https://lh3.googleusercontent.com/gps-cs-s/AC9h4npuWrW8P7QsR2UrGoHqxJoGOmuY41nVWLKFqLKRT-Zgkj065sMtrvCzZAoqRaMWNUxjDVGEMN6WlmCerM9g_XStRGJ16e0YOvkLTiVPEXr_YuPlEorkmmNyP1PjqI7WYVQoX9z4=w1920-h1080-k-no,https://lh3.googleusercontent.com/gps-cs-s/AC9h4npCaYBobtGd6f_Zgv1_EsVHtQhHrVzDlwkrGSzfPou0GdsL-vxaboCZPmkCrVA3CdQXZeoqHwnmVQ0ytZjDkwkmwV2shRL0BEwjy34zcqA-plsgKtnovGNevWLYSqOY0IEAUIW1EA=w1920-h1080-k-no,,
قاعة التاج للاحتفالات,https://lh3.googleusercontent.com/gps-cs-s/AC9h4np-1GFf2vuKZV2R7CKdMCKLJlHWMGGzAgUAQDSNzxfix4mxiaRVBjs_AGqby-hfnMLAh7zNnjV22cPN1w3r0In-QpWwDii7zd66ycWJFIBBuZj3FNe-WrYQoqUkgGixNLqZIR4=w1920-h1080-k-no,https://lh3.googleusercontent.com/gps-cs-s/AC9h4nqLU7coNUHFu2rjfCHiYybkeFB6Jq05MI2JujOHezx3u1G_DDaH7RbRpoWvxcntTr5BBlxN5LfMxT7Bnt1F-x4lBn0ZX3SRWpkJ7a-Bwh_ehrTSdExIQVfJvKasHiJHJdpYb9Ho=w1920-h1080-k-no,https://lh3.googleusercontent.com/gps-cs-s/AC9h4nqqZmeIsbBBcNqJbzMikHWKJJpmoYFYmsaXRXfeDTwYu6jmqm38WnCEOFyQgl417DljuBRCjSbYMsbF3Z-hSImMToEMSwHM1QtWNDbYh3HfuCiP56CF1zI23IXRfrzTh_TBn8o=w1920-h1080-k-no,https://lh3.googleusercontent.com/gps-cs-s/AC9h4nrCBv-2dnYrEgwB9QrWB5jOqnDvxM_6-KHzHi5usN92ANGMFaAYRC82f9FFCN7ZZrlDyy-bT1SVLGa6U4LPRzTmK3b9I01tiq2KGuJhklUPjEYL_f6P5lHM1N6SD9KAYsytcA8=w1920-h1080-k-no,https://lh3.googleusercontent.com/gps-cs-s/AC9h4np-1GFf2vuKZV2R7CKdMCKLJlHWMGGzAgUAQDSNzxfix4mxiaRVBjs_AGqby-hfnMLAh7zNnjV22cPN1w3r0In-QpWwDii7zd66ycWJFIBBuZj3FNe-WrYQoqUkgGixNLqZIR4=w1920-h1080-k-no
قاعة تاج تبوك حي النظيم,https://lh3.googleusercontent.com/p/AF1QipN-SH_lY8pSVJ9nWiVWt_yN7gfpi_MH-JaF1QX4=w1920-h1080-k-no,https://lh3.googleusercontent.com/gps-cs-s/AC9h4npxEW4VbgB_nKeUkoSlRqaVw44UtWLZIoAR_mATJJwgu9COVElA0-U7IMYrFLFi_0YVNaJcoutlEgXrczoaWzarBFcS_E0rXlW5YzMrhrRcHfbe-8DoHWuuKxSZhLJcswcy0xl-tA=w1920-h1080-k-no,https://lh3.googleusercontent.com/gps-cs-s/AC9h4nqTGqml6-aY-wDIzS0mm6BLT81gq_pxHmEfL1Or5n3ni8rGscG8FX4ZDiFcMuw7cP9at1F82wqNbMpfe8wZC7zFGBJW2cVbHWrnFqOvQwPUir2Qqpx0OV49dqKyRfv84XruOyt7=w1920-h1080-k-no,https://lh3.googleusercontent.com/gps-cs-s/AC9h4nr1zPK986FpQU_S_Z8Pg0J2lPNwb78druvcb7tttbh-HvQ3UkzuJK_pTPFzUe5tMNmrO4CEy-ughic1tQFYTjc2zc8ABH3FYhYB6Jaf221HowaZHqGRjeticPVymIZLF1iX_bIm=w1920-h1080-k-no,https://lh3.googleusercontent.com/gps-cs-s/AC9h4nrgVrVwImc-vyRnSDEO7HvXpBz79r19T5FBnKhAL87uWBOs-deXYVDzmdRJRja4Dh37Qk4sPIt-pwRho6N_8bmbj-qJPa8NA2i2FFy-4fYV-AjWbTkXQU_kJfQlE30UNgq9PJ07=w1920-h1080-k-no
قاعة النخبة,https://lh3.googleusercontent.com/gps-cs-s/AC9h4np4J_CS6AQz5bz0_QwKeom1pg91KmeKkN8vjGsGKXyzOnKQI9wTZiE0H3bbzCK7NX5RVIbQpl2VHgTz6uFTnvcg6Zrjc8D5iOGiZB8GVAOTBKzWch3m2a2N8lt_Jj-a7YxdU8Ah=w1920-h1080-k-no,https://lh3.googleusercontent.com/gps-cs-s/AC9h4nponf10rerQ2QCnS29eyQ51uWGlKVC5i-giVTI_83EALXh1YaxrSfL1JIgtl3I2aKsZAJefgDG18nQ9kpAZ1-NK0EX2WHmPvfbzWozcDCgH9nDvzwuFN1Png54ShA4II1pYsOvzYA=w1920-h1080-k-no,https://lh3.googleusercontent.com/gps-cs-s/AC9h4nouOu-Jc_wBSIoBXaCeOvXOthJauwPjiyhan5vGuGZYDB8wzOu5vK2msFwRTmVwZCI7GrJan0nYH4FUfU89dWKNQ0UXnGB0MzLsgbatSgqIkbHv1bkJMPrH-JRMfzsYUjYQukiM=w1920-h1080-k-no,https://lh3.googleusercontent.com/gps-cs-s/AC9h4npA70gSm4O1hdlMwDxj4XdLVv3lq-8UQy77ndr5Ukpta-hGq4O0SGl9qwicW_ZUeOFhJxgSvc8P6D9eONs6ybS1-pOJB-ZmmUaFvUEfECF4Kf1GtnJOjA3Ny1epB1OAMozmF3l72A=w1920-h1080-k-no,https://lh3.googleusercontent.com/gps-cs-s/AC9h4np0zroyI-3EYaSJlLQ6dFuuyA7oHrVIZ8__IgTSb51X8tR-tKVHXQhgJDZMXNVZ_BwhU0Q__iqYVF3KGVAQj1JbVZKxcgnYwU_MYPbU39wU1fVze1yZPQia2VTBS7hD6Fxbf4L6=w1920-h1080-k-no
قاعة التميز,https://lh3.googleusercontent.com/gps-cs-s/AC9h4noQnLN7s_kq1E3g4PS71IzQ2Q1Ds5f1nlIPsgFFoshzvKSCAA_N8jFmFNhYVSBhOEBvJy0CltxF4HknAOv6TLixbbxwBPW0ugdIM4_8PMjisk2Kc0vuXHQpVSFLwy-d4lzb7G_Ryg=w1920-h1080-k-no,https://lh3.googleusercontent.com/gps-cs-s/AC9h4npqFBNWtBe35ZqXOSCiL0DgtNGvN6xzEHrBHQDV-J5SZWHKBiJu0mAZRzsJ_IPd8rT9pjcwEOjgeMCLXW5ygn6zct4ChztFsPfukQaWl1wWTQHrk0bt2_lZCiccvxIdnlWYTAbO0Q=w1920-h1080-k-no,https://lh3.googleusercontent.com/gps-cs-s/AC9h4nrycNNWUmrXw6VTViGuwLceIuXERhjYHApnQS_3Gqo4DFyvXjhRHZxeMOx8E6Ep0JUnHTnMS2CYvP39CQMisgiQpk5QT6PSyLiZKetQB89_UOitJ79MWMf1VmgH-HzBA1bcmK0=w1920-h1080-k-no,https://lh3.googleusercontent.com/gps-cs-s/AC9h4npaeNCDTu4qmsy-oNRfg1AwNLDjgHYtCn04CNkpMD8GBNPgJVe24RwFK5TRGznj85F-K5i9km85--La5tBSSQL7tiRNgnKzvSWtwB-OIv5ZUNAoKlfeiIvTZ6JQ-ENyMhgNBxaV1A=w1920-h1080-k-no,https://lh3.googleusercontent.com/gps-cs-s/AC9h4nrpY8NZs7UzNDRMvhdQydMkyukaphDUIQUJugFN9ohejTA8oduuj6PtZKYyLRK7qNcB98KMQihfeRADt5eEvXYbs9nwcO4oVN0FacSBZrF_IRMCF33UPiqVGWSGpjOHG_S4-Lw2Jw=w1920-h1080-k-no
القاعة الذهبية,https://lh3.googleusercontent.com/gps-cs-s/AC9h4noqJZmruWI_Kw3VHfqEvGvxbwPAMi_3JWc_diDJMPZ5v1xWIw67LO3h_R92jsf487D2XrmlWnjtSCfe21IVKgB5I5hihqhfffUYUyJOA5Payv57bxqmwll6_P2d8Yrz7sAxHHYJ=w1920-h1080-k-no,https://lh3.googleusercontent.com/gps-cs-s/AC9h4nrfBT3r8ZXFfUc8mNAYy9udHkDhhkQQq5skJNebWK5y0akhHEIMsHWYC-I-b9VG5Isp2Z_vZNvBHyWgu0az5sbHZOXzvBd8UduKTaJgjkgJFwEmtn_fNMAAZfcjMiN2ztOQKlUcdA=w1920-h1080-k-no,https://lh3.googleusercontent.com/gps-cs-s/AC9h4nrA6W0K9ahUPuo7aiBsyR9ldGGnqmIGxkYWetKRbf8qYBcsGlzBWgIQ2C9S4qCgtv890i86lk4k6lGR7-6QcwIDd8hjTjFSh96CqooikWvDTg8f68khievZQVfwRP_M7EG05D092w=w1920-h1080-k-no,https://lh3.googleusercontent.com/gps-cs-s/AC9h4npYkCKTij74nwqv4lXXlQvU6zx3Cyw-Q5GGc1T1sHL6H0sAPzUSdzlmsGyBg15k2jjQdlL4rY4uKa3CFHzFF4PbAZgHWdRVs0Q4IoWrbMYn6mNwDmWKzp2bSBVfUo5aaVqMqsQ4=w1920-h1080-k-no,https://lh3.googleusercontent.com/gps-cs-s/AC9h4noqJZmruWI_Kw3VHfqEvGvxbwPAMi_3JWc_diDJMPZ5v1xWIw67LO3h_R92jsf487D2XrmlWnjtSCfe21IVKgB5I5hihqhfffUYUyJOA5Payv57bxqmwll6_P2d8Yrz7sAxHHYJ=w1920-h1080-k-no
مدري,https://lh5.googleusercontent.com/aM8Y6C79zSWLOv1bwyyUNAKwSxdhrmciDlNeF5l-OHkGalypokVAnzdLX1RMCB7_=w1920-h1080-k-no,https://lh4.googleusercontent.com/BWRJgATD6PkGBxtnZudTco96tOH5FaYG78phDZc4VZr2dZtL6b3hwwC72yv6BEZB=w1920-h1080-k-no,,,
قاعة البوليفارد للمناسبات,https://lh3.googleusercontent.com/p/AF1QipOM__zAnpq6tqUOM5GpRadwGxs-MXrXIsu77jur=w1920-h1080-k-no,https://lh3.googleusercontent.com/gps-cs-s/AC9h4no3DY9xpwazlGszLIaHm-VorRf3OaBJYTBw-VEPm06Bcp1tn6g8NAA5ATf3B9r8bToFTPpPZZJ2b0tJUzfPBuhkWxvavti4RzY6EIsA6M7UcbfO-_6M8tyr4E4coi2m77b83yhtqw=w1920-h1080-k-no,https://lh3.googleusercontent.com/gps-cs-s/AC9h4nrbvbJI7kJ5DcbOWqgcQKFSGA3HUYQ1DiRvEDM2JMAe4toMYlzeNKxVnmnqnjlUrWS2tQHacwggiUxgZoE-ikPwU0nMbazg4ihLEnAl8pQNimZs4RlpiJMa1y5qjnHNvRK6SUU_Nw=w1920-h1080-k-no,https://lh3.googleusercontent.com/gps-cs-s/AC9h4nr1nmU5YigEXlyiFFkqp5SvQwwhzbX8xuOYGin2m_XlSPvMlIoGdwjJZOM7HxOVvWLPDAMxGh51b5WmwGOtNOFXy29FJ7iVwtMA0G6sXuhg-XLgv77i-5WkS9H20LTIUTcV-bg6nQ=w1920-h1080-k-no,https://lh3.googleusercontent.com/gps-cs-s/AC9h4noGk9OqUF-YSG7hACHxl8NJKLhVyZI6_1eqMpcC5POkGKqd2S3btAjeXyKKNRgnbwW7OXL3PuPfXNV_dZV8RDb4-U2ddnldUgEucNtqNTGeMSVuJjRNuSPodBAY8x8PUGlrQQgoKw=w1920-h1080-k-no
فرح للمناسبات,https://lh3.googleusercontent.com/p/AF1QipM0aESrg5mxOJy23Obud1NxxzSdFV6cNLk0J0xO=w1920-h1080-k-no,https://lh3.googleusercontent.com/p/AF1QipOfEWxWSze1ekyhX5HviIQJOOtbkpunf2OyNMjR=w1920-h1080-k-no,https://lh3.googleusercontent.com/p/AF1QipMT4jXdPEghyPMQcYcL-YMo_evlT4Kxexm4Kxwe=w1920-h1080-k-no,https://lh3.googleusercontent.com/p/AF1QipPWra9e0yTgWq6y1u9ozx_uWKfL49R4YznoClFE=w1920-h1080-k-no,https://lh3.googleusercontent.com/p/AF1QipNSCCpPZ-XHzik5ghQzZfbRgQlzOyINl6K8upwi=w1920-h1080-k-no
قصر أماسي للاحتفالات والافراح,https://lh3.googleusercontent.com/gps-cs-s/AC9h4npGXhuvg3nBeQzOiXWDzBqhlpDdz1QZhxYOLfUhnyEjpDUUxs48hD1pINKrCUYvJzcFJDY2jPfdL0G6FvHx0RVlgtRESRQMWhRm8fhkAdCQcmzm2ovdu6_vXwDJa6mcaRAm2h8=w1920-h1080-k-no,https://lh3.googleusercontent.com/gps-cs-s/AC9h4nob9Xj5baodoweZwjXMcgyr6jcYQqTAiVCOacy_D82CRTS3yULnHuGbxd4uxaUC3aNIrpFfgBdgbp_kfNOLrEOSTlGxKJ96KmR27jeIULKTqe08b6jcY6pAIDQ20ncSeMDXycb6wg=w1920-h1080-k-no,https://lh3.googleusercontent.com/gps-cs-s/AC9h4nqtCtaLYwSnfgQTGjrVOMKriaX04i24LwyANffH7GyCqv7YGQk6bozMEzBQ_TnyP_k4zAuGwNmgtqcZwcoDe43QExWcx850hcuLIVCoD8Be0H6wa9tT8ussaJbqPR5dsoKbb4KxRw=w1920-h1080-k-no,https://lh3.googleusercontent.com/gps-cs-s/AC9h4nqa9FxtYnwXZenwFyLGbO_xpRhPzYY1LoAcaIcXVu2Ad82VgkgMBt8I8rSBZuK_quHLpo3NdA1s5kLkNJ5U65q8Nou82s4rRLEacfGj4n_zQucxofj0zs2MavHa5WWGSLQCHiMe=w1920-h1080-k-no,https://lh3.googleusercontent.com/gps-cs-s/AC9h4npZHKusYBViL7JFHq_k9h7lulRCUoP4i9FrS9XJqfZC9R2SbgT_UAQmudbH64D6amgxXOfByL-goDmrDyE3nvqqqW0_0S6AcICX08Q7F4LS7ApXl0kaHiyzSmL4-PeIDkQXDWNQhA=w1920-h1080-k-no
استراحة الفخامه للمناسبات ضباء,https://lh3.googleusercontent.com/p/AF1QipNh01CygfgY3WvSyJvV2PPj9TYil__5u28_9RQ=w1920-h1080-k-no,https://lh3.googleusercontent.com/p/AF1QipOqqXNUooaE3DfhrXBJolau0Xi3Mo2tb3DzkXM=w1920-h1080-k-no,https://lh3.googleusercontent.com/p/AF1QipM5ZN-vk6vMF5wD_vkV6gUXO1TrS5ZSdYl92oo=w1920-h1080-k-no,https://lh3.googleusercontent.com/gps-cs-s/AC9h4nql6ykaUfK7TXNSsg3behkOCXFIY_Z9vftn50U0kp9jNhbVRjdGmnGZqOWmCX1XBAkC8yfr11HFUuKrVTBdF0B32mZdyNVQKi0iDO05-3c_PIWpr4_H-oKBfu47XX7d6-fKSrrmKA=w1920-h1080-k-no,https://lh3.googleusercontent.com/gps-cs-s/AC9h4nqekK_arh4TIKM792VgVXODT_RbGKS3dXFXP6lTrnr7XgdTUsErDWaD-whjCRiF3efLQODoCcylzWnin47LbA0bfokM75tv6qiKDm-rTm8IFC4AF9zSkhXv69bfgdGlDTzu-60u3Q=w1920-h1080-k-no
قاعة همسات ليلتي,,,,,
الوسام للمناسبات,https://lh3.googleusercontent.com/gps-cs-s/AC9h4npwEq9xGkJT8HxKoJuCi4P1hSU82v5xxMKDqJ6ecLrtJPvmwW4yiFiW0wU3XZnS0umh1MsVLc9Jt9q1P_VGd2nVSoEuvqA3-u2N9-jj2R3pXFqOl4W6MEet9vM7HEX506H-HJE=w1920-h1080-k-no,https://lh3.googleusercontent.com/gps-cs-s/AC9h4nqFOnHrTCvn3-RIktdRppRg6u7ejmT3Rpcr06WP6Ms9LsCE3fHWD22r2tMEIbQMiAaEYD-_b0NcG5gY2hhwzpOj2-p6K3g0rUAcv1FbcgOTjX0WtdOEV8fm63orY3BfBce42Adq=w1920-h1080-k-no,https://lh3.googleusercontent.com/gps-cs-s/AC9h4npt-Hb6PB3k2tKNLKsKcuRpGDz05afa8dFeHBu0jUJnUh_GeAFAkH3DVr24Nyo9RawS_xFmyDD9JGvDxorLzAU1u2A_67zuPNsu-AE0kH7itGUjDRCYOgIkStYOFK9cMEL6dhOS_Q=w1920-h1080-k-no,https://lh3.googleusercontent.com/gps-cs-s/AC9h4nofSfYtIqR8gf0edIgmFKjUuektiJd9vKHijGwpMXzjxNPYT6Xc1LsZTXg7_1R-nWh3XRbziZ6omYk2ZEaP-7kOxfEXNDHRq0fLiFUge6CjpH05ZDVxW4zTMJs5-ixrbJzGGSjL=w1920-h1080-k-no,https://lh3.googleusercontent.com/gps-cs-s/AC9h4nqW8Ex5Nm-MZiLsOnosQSmutaVo6SJzwmXpLeZA59kuXwL6-IHial27BdHp9CImTcYyu5WIs2daqMLn0z51fKkRpEeu6s9sLVavBu9TvURopcdLBir6Iywqj9c7Y1GB3TCzlBIymw=w1920-h1080-k-no
قصر الافراح احلئ اليالي,https://lh3.googleusercontent.com/gps-cs-s/AC9h4npZuY0royoz5E-HGCrQBXrB0A_RITtzJ_J22cm3_UjHt9aodLk4_aUwVVejLB2ZWFOjg3nf0Q0TES37tq476rgJiB-HH6YB9MNLyCwtBjNqNdzGTGvGJ_PWoniQsl4DSZj-BoimMQ=w1920-h1080-k-no,https://lh3.googleusercontent.com/gps-cs-s/AC9h4no4CuHo2UJTQnu9XJjXk3rT_bAr5n4btbt-S9Oqs4J-e8nDB5yxm3SbfAcFb-VfmyUyNmEAlq90RqvV2vsp5jSmFs07s_7SIOPo-v_dO8gAaB-VXp59s1jogUVdAYEqzq_2hjNcXQ=w1920-h1080-k-no,https://lh3.googleusercontent.com/gps-cs-s/AC9h4npUj3VVYSDH_RBxyFyy5RlNHUur32xsuGPjAHYKl5GlIKep_i3OHMhoeFWN3sPgmyO0RJp3erQs6Z08lFFOp8kusIQ-EXQlBnoKMzNA9m47R8OdPWCI4WxZoSsm5274SdK0ndZG=w1920-h1080-k-no,https://lh3.googleusercontent.com/gps-cs-s/AC9h4npzmBQU2HFa4WVlTzUUXECcm3QZKQynW9Kv5YK3pHRtJBwukAh8WoG3FaUnneAtXVfzbjC9VBQsqZJyTOIbUyRW4JDm-udW3SD5avKcVk0EyJBnUbFRVsII7gq0f4PVOnsStZUw=w1920-h1080-k-no,https://lh3.googleusercontent.com/gps-cs-s/AC9h4npZuY0royoz5E-HGCrQBXrB0A_RITtzJ_J22cm3_UjHt9aodLk4_aUwVVejLB2ZWFOjg3nf0Q0TES37tq476rgJiB-HH6YB9MNLyCwtBjNqNdzGTGvGJ_PWoniQsl4DSZj-BoimMQ=w1920-h1080-k-no
قاعة رفا,,,,,
استراحة الدانة,https://lh3.googleusercontent.com/gps-cs-s/AC9h4nrJWHOY4GNXUKi2lBXWBh-bAiiAVrBujvCFS350FORNvf3Hllo_fXp1MII5sISe6fPPwdLd1rqzmiQE_IeCU2c9eoxcD4s26xf2_OXHYPZBDxOIba2M-dkOTlL9jQFGt1u8i_cnzA=w1920-h1080-k-no,https://lh3.googleusercontent.com/gps-cs-s/AC9h4noUQa2Q9a-kSU73f4kprwAx6VlwXXlqfeNrnqiQUcRvNf1qi8oCnab3Kqiu58a9rg3ri9RZ3RcB4iJXKeATNhYi0r3wBwbgH8Lwo_wFxNhhN5QH7N0PV9_Wf94Clqo2I1ezQ9KrJg=w1920-h1080-k-no,https://lh3.googleusercontent.com/gps-cs-s/AC9h4nqiT8J7gQz6ZP2_MvajocWkPvff5bSTpd5nmmeHxIRm295DEcJpDRoFs8M4GY38htj_90K3zcwbrHZPShlZQuPBoIV6OF8mHh651S5XRB-90yzNecNe_HO_FUrG2INaeRHI-dyi=w1920-h1080-k-no,https://lh3.googleusercontent.com/gps-cs-s/AC9h4nrRIdHMkuxrITiC0xmDCL8JUnFwGf8meIjyXSY1gjNclpFoqXpmQ0GZm__n0kROBDYgbcjuL3ggA8BbBR6y5PtSBDcNMgz5W_LTXE4ARZDJSPpSYbyeKDfTrLaryEvrR4VURWakTA=w1920-h1080-k-no,https://lh3.googleusercontent.com/gps-cs-s/AC9h4npSm_Y1_PdjDBU12mMeo_0mC9QX7HqTVzxbld0KlAdppfNlEneKBxlnoz0l-kZ_Tf4fg5pOsDCJqZLBV1893lB8J3q2eIAxtf_k5GXsnmoy9UiOBaJNvRJvIXiTzBmkiFDSMbzE=w1920-h1080-k-no
قصر الإمارة القديم بأملج,https://lh3.googleusercontent.com/gps-cs-s/AC9h4npXaP2agu9S_i_Xa1STUQKqhvlJOzxzJWnmUWJDS_CPRPf7SPLq3W_giz5s4J3asJX4JOgFm5XNfPvOIafk1V9j7SjZT3-0hs211KfHv9xVKE2BMLdQasrxBFq_SzWpPkNUZ38iFg=w1920-h1080-k-no,https://lh3.googleusercontent.com/gps-cs-s/AC9h4nq__GxBOkSXtNNR2MNswuJDFB5owCNeko4qYcDpLCyIg71RfpGlI-EKWmy2lKfeg-vvLOAtVtrKz4ho9d9-vU4hvtNooIWPu5SOurrHiGjFg1gAglm9mWK3jDZgIz8_pvKxcfp2=w1920-h1080-k-no,https://lh3.googleusercontent.com/gps-cs-s/AC9h4nqCTzVdL6HJKOzDwRgKz-uBW7W57KeccE-CVdKZS4t-KHO0MuSaepELL7wt01BCUppRq08Lgny4UAxomUGDdHHCR4kE1ONGuA9C-1u0XtSZACMsz3rRYPM3b1oF73Wz0blnC_f4=w1920-h1080-k-no,https://lh3.googleusercontent.com/gps-cs-s/AC9h4nryjGdzmf5wHlViFim3pvLou8dgsh8uY6CB_2u-saf4XRjDiPPe7Ii7aIGijVR2AlpWoOfYab7Ll3AmvzsXa-ggoJSe9GLfev58qA5CE4HY4MwetsSyxB5Y2NnARidba4mMrrJk7g=w1920-h1080-k-no,https://lh3.googleusercontent.com/gps-cs-s/AC9h4nr8Z4MMUUfyyDSSUERtwB8hr_jg9nAJSzpS-fp6yK89I7cC8eOGJKsT2wl6LuCq-n0rfGmNEgS6IrMaJKIJl6C-KVvd5t7CHtlZfE5puHwrzXej1YBqBAnqRhTbRt4GMiigaxNU=w1920-h1080-k-no
قصر الإمارة,,,,,
كوش السلطان,https://lh3.googleusercontent.com/gps-cs-s/AC9h4nry-cdwMTSPjEW383NGh9lEbHiBMSoeFzLMIpAygQn3MVc85afFhuOh4WXBewgEot50bBLLfQS-JMAcFArZeJnBwg1ygnTqtGZn771c_ngPdPPcJnauzYfwORW3wlhGg76D-enZ=w1920-h1080-k-no,https://lh3.googleusercontent.com/gps-cs-s/AC9h4np_jktPxUWT1h7EK7ZartM9btIZ3s81fjJhu7Ruc9jtP9fBjfBu8Z5dLlMroKDDFFCk-5DnsW08uesYfkUaMwn45VSgDhbAnXakjJPPGSEMhaDCQpni9_LawayfM8-yYF2XEPK1=w1920-h1080-k-no,https://lh3.googleusercontent.com/gps-cs-s/AC9h4npyw8n_9-1rNJWqWYRurrg5msOYVueG6MA-E-KXLjW95xRExKf4W3ZredQNALANehSlOi3TP8scAGViPunm3Nnn_oFprf2FNLy9fO6gNVSG9crFRozvSdqQAPJjMudLBLP0d0xA5g=w1920-h1080-k-no,https://lh3.googleusercontent.com/gps-cs-s/AC9h4nq93YL2pk0taIGC27pfEVtD703wirW-AecpltE9DWNtWUhwgiIPThvsi20G3RDA-ckO3VW3YEjZffYBk7xqoo2L0xkhDbo36bb8AnQeZZ7GT-9Xv0sP-ydPdO5HGZT4aDnviNk=w1920-h1080-k-no,https://lh3.googleusercontent.com/gps-cs-s/AC9h4nqphr9Vs2916TPReMpKkonewHfeurpynp3OcLSGOl1Hf1POojoEAGpuaXxJgv3usJjWAY_GBVWMyx6rDrezqX2GKxM20-TTe7Z4IpH75cbIkmSrmIP7_byyLwEpbHSM4VdfLKn_=w1920-h1080-k-no
قصر الكاري للمأكولات بتبوك,https://lh3.googleusercontent.com/gps-cs-s/AC9h4nrSoHpu6Dc3ChYs57OJZirs_RF21_oXxIpbQ2TgiFJbxQ72lkW4AhklQeuDA5VynbFEbOgy6Z9C4sfz6Ma34fQ2H5_jqTHL6-MA9AQ53pu3FwsXOjbxJbVN69Y62_-GicWQtkA=w1920-h1080-k-no,https://lh3.googleusercontent.com/gps-cs-s/AC9h4npTb-S_nPpx8ba_OY2PAUcOpkS628hHx1FZtanJLvvT9si86vZOmLantOzMulFvLCFiX9R6WV44GP5nAJa0-4sAXx_eCUCZF0dTSg_Xdzku9htTIBPDn7tMIxt6DqpYjzSTWlGFuQ=w1920-h1080-k-no,https://lh3.googleusercontent.com/p/AF1QipPPZXFq9_HbhjYDeq6x_FMXtMWRlNj038vbzZao=w1920-h1080-k-no,https://lh3.googleusercontent.com/p/AF1QipPWM4hKbp2sKMs6FuX3KZNeY0zbtUrYU0xZKyQY=w1920-h1080-k-no,https://lh3.googleusercontent.com/gps-cs-s/AC9h4nqtxYN9ZMM36ZWhgTQ-2BhUwNwWuMuB4ix5ydwqiTCSgdQqnNA4kg4bQISoNOFoTxS_uSF6SeIXyhqJ2YlNFl6wo_0mwOj3EnKSNWpdOJaQ9zRhSYftlIqI8UH0NgvZAsssVrAxbA=w1920-h1080-k-no
قاعة لاما للاحتفالات,,,,,
حديقة القصر للمناسبات ، شاليهات فندقيه,https://lh3.googleusercontent.com/p/AF1QipPsz909DUYQmVtr914iFPVFH13ftvFuJPByT9pB=w1920-h1080-k-no,https://lh3.googleusercontent.com/p/AF1QipNroG5bW26SxaiAp9h_jeaq6RxwadU-17eXVdtY=w1920-h1080-k-no,https://lh3.googleusercontent.com/p/AF1QipPn5vy1-X7yWIW0sXPHH4cgatRA8IN3SZjkAfm8=w1920-h1080-k-no,https://lh3.googleusercontent.com/gps-cs-s/AC9h4nqS2fVF-1AI0i_ojWEFK9qSC7BQeJ7kdeg6OZqK5VtcNqhg9RIkU7RIiynfx7gWMW9h0-J6aHovXSiO2FWbYNDxz6bURVxZK-4gQKV3L78Lt4oWjAq96tbpVtZfn8kI2zhi9Ec=w1920-h1080-k-no,https://lh3.googleusercontent.com/p/AF1QipMfw3Yrw5QMDmze8l6xzMyHETsoqMjj1u902PZt=w1920-h1080-k-no
قاعة الجوهرة بضباء,https://lh3.googleusercontent.com/gps-cs-s/AC9h4noV1YKAIMq6XHKoc7Ziw5XRzJTtoWitVkRBnxE5ew4eikN9cE-UhquzbIb8KKV0PmHTDotkIQD3ck8zb5va3ZmpUzR4FGrOex7eTu0x9IN9zyUwxps07RrypTtK9fYltkjz-zsn=w1920-h1080-k-no,https://lh3.googleusercontent.com/gps-cs-s/AC9h4np6cwdmsSlvrNE6yPXQAfd3IANPRRtKfWUuFzTNyHXnklNf8IRhfIklpcTJjxBy6rhsC3xBr6_4daoULxHpOgW2bS9Jfoc5lxksolLsNoCopHB3CqabueZsEqs_S09BKmRboDCoGA=w1920-h1080-k-no,https://lh3.googleusercontent.com/gps-cs-s/AC9h4nrD4KmjcXBORK5x7yLYC_ngjqm7nm99bIYzJjwHB7rP0BchJrpiEQkKDVSgzj055eaNSDIsYHBeIQn8XMJafkHOUuYVbRr-4swpM_PRmxvKT8B5sGUbqAe3a6rmJJ6BWhB6mkQZhQ=w1920-h1080-k-no,https://lh3.googleusercontent.com/gps-cs-s/AC9h4nr7pgIEfpKpiqC_q8uWsBgJ3G_-OS_fbn-OCy0KTj8wXYX39G5EDghpx7AQPJPkHfXkANDT3P5GhKdChGXu__M7GCNd6IhHwZ8nY5rv9miAklU_gb3994xt6KNDacHxgs2Zh-k=w1920-h1080-k-no,https://lh3.googleusercontent.com/gps-cs-s/AC9h4np0QRRkrJSy7qcN1TTegz7XoOwnusohIhrIxSowKhB2RlKmMBemnEm8OjaP8NuwTITjXdnd0oK85LHboHM1gwIuYWuuJJBr7B9gjtpNzCt_3_UECdfgWTOKLa5S1bD9OMDaGSi8=w1920-h1080-k-no
